time(s),left_wheel_vel(rad/s),right_wheel_vel(rad/s),base_vx(m/s),base_omega_z(rad/s),ankle_pos(rad),ankle_pos(deg),ankle_vel(rad/s),ankle_acc(rad/s²),ankle_torque(Nm),knee_pos(rad),knee_pos(deg),knee_vel(rad/s),knee_acc(rad/s²),knee_torque(Nm),hip_pos(rad),hip_pos(deg),hip_vel(rad/s),hip_acc(rad/s²),hip_torque(Nm),waist_roll_pos(rad),waist_roll_pos(deg),waist_roll_vel(rad/s),waist_roll_acc(rad/s²),waist_roll_torque(Nm),waist_yaw_pos(rad),waist_yaw_pos(deg),waist_yaw_vel(rad/s),waist_yaw_acc(rad/s²),waist_yaw_torque(Nm)
0.0000,0.000000,0.000000,0.000000,0.000000,0.000000,0.000,0.000000,-250.069227,0.000000,0.000000,0.000,0.000000,-552.150226,-0.974729,0.000000,0.000,0.000000,-342.293935,-0.018941,0.000000,0.000,0.000000,-0.114811,0.000009,0.000000,0.000,0.000000,0.010432,24.765969
0.0100,10.518417,10.518430,-0.017828,-0.000224,-0.025007,-1.433,-2.500692,17.847995,0.000000,-0.055215,-3.164,-5.521502,7.555729,0.046060,-0.034229,-1.961,-3.422939,19.797026,0.016860,-0.000011,-0.001,-0.001148,0.126727,0.000002,0.000001,0.000,0.000104,-0.010665,0.000086
0.0200,10.518426,10.518438,0.110869,-0.000100,-0.048229,-2.763,-2.322212,18.823946,0.000000,-0.109674,-6.284,-5.445945,14.276077,0.034483,-0.066479,-3.809,-3.224969,27.495113,-0.000066,-0.000010,-0.001,0.000119,-0.022871,-0.000002,0.000001,0.000,-0.000002,-0.014751,-0.000096
0.0300,10.518430,10.518441,0.230814,-0.000067,-0.069569,-3.986,-2.133973,18.607975,0.000000,-0.162706,-9.322,-5.303184,15.186761,0.034084,-0.095979,-5.499,-2.950018,22.390417,-0.000103,-0.000011,-0.001,-0.000110,0.000536,-0.000002,-0.000000,-0.000,-0.000150,0.010753,-0.000257
0.0400,10.518434,10.518444,0.340929,-0.000079,-0.089048,-5.102,-1.947893,17.652147,0.000000,-0.214219,-12.274,-5.151317,15.487755,0.040021,-0.123240,-7.061,-2.726114,19.734081,0.000424,-0.000012,-0.001,-0.000104,0.006963,-0.000002,-0.000001,-0.000,-0.000042,0.011561,-0.000402
0.0500,10.518439,10.518446,0.441036,-0.000080,-0.106761,-6.117,-1.771372,16.665817,-0.000000,-0.264184,-15.137,-4.996439,15.732427,0.048943,-0.148528,-8.510,-2.528773,17.396082,0.000570,-0.000013,-0.001,-0.000035,0.006784,-0.000002,-0.000000,-0.000,0.000073,0.006882,-0.000527
0.0600,10.518443,10.518448,0.531385,-0.000048,-0.122809,-7.036,-1.604713,9.135445,0.000000,-0.312575,-17.909,-4.839115,21.517663,0.037250,-0.172076,-9.859,-2.354812,13.230381,0.000425,-0.000012,-0.001,0.000033,0.004191,-0.000000,0.000001,0.000,0.000142,0.005241,-0.000712
0.0700,10.518445,10.518449,0.554255,-0.000083,-0.137942,-7.904,-1.513359,8.629266,0.000000,-0.358814,-20.559,-4.623938,21.531107,0.048511,-0.194301,-11.133,-2.222508,11.260550,0.000407,-0.000012,-0.001,0.000075,0.001192,-0.000000,0.000003,0.000,0.000195,0.000153,-0.000743
0.0800,10.518446,10.518449,0.571986,-0.000077,-0.152213,-8.721,-1.427066,7.685472,0.000000,-0.402901,-23.085,-4.408627,20.638904,0.045378,-0.215400,-12.342,-2.109903,10.847416,0.000116,-0.000011,-0.001,0.000087,-0.000255,-0.000000,0.000005,0.000,0.000196,-0.001042,-0.000758
0.0900,10.518447,10.518450,0.586540,-0.000074,-0.165715,-9.495,-1.350212,6.690276,0.000000,-0.444923,-25.492,-4.202238,19.628559,0.041726,-0.235415,-13.488,-2.001429,10.422143,-0.000057,-0.000010,-0.001,0.000085,-0.001221,-0.000000,0.000007,0.000,0.000186,-0.002138,-0.000759
0.1000,10.518448,10.518451,0.598108,-0.000077,-0.178548,-10.230,-1.283309,5.683761,-0.000000,-0.484983,-27.787,-4.005952,18.456430,0.037970,-0.254387,-14.575,-1.897207,9.844787,-0.000377,-0.000009,-0.001,0.000072,-0.002213,-0.000000,0.000009,0.000,0.000164,-0.009367,-0.000747
0.1100,10.518447,10.518453,0.607019,-0.000103,-0.190813,-10.933,-1.226471,6.442723,-0.000000,-0.523196,-29.977,-3.821388,19.144909,0.045677,-0.272374,-15.606,-1.798759,8.779317,0.000367,-0.000009,-0.001,0.000050,0.000086,-0.000000,0.000009,0.001,0.000071,0.006958,-0.000738
0.1200,10.518450,10.518453,0.617549,-0.000083,-0.202433,-11.599,-1.162044,5.975830,0.000000,-0.559496,-32.057,-3.629939,17.953925,0.045661,-0.289484,-16.586,-1.710966,7.932277,0.000247,-0.000008,-0.000,0.000051,0.001113,-0.000000,0.000011,0.001,0.000140,0.001778,-0.000714
0.1300,10.518451,10.518454,0.628459,-0.000069,-0.213456,-12.230,-1.102286,5.466132,0.000000,-0.594000,-34.034,-3.450400,16.983494,0.043474,-0.305800,-17.521,-1.631643,7.757361,0.000087,-0.000008,-0.000,0.000062,0.000273,-0.000000,0.000012,0.001,0.000158,-0.000951,-0.000684
0.1400,10.518453,10.518455,0.639572,-0.000061,-0.223932,-12.830,-1.047624,5.039271,-0.000000,-0.626805,-35.913,-3.280565,16.129021,0.041661,-0.321341,-18.411,-1.554070,7.506870,0.000056,-0.000007,-0.000,0.000065,-0.000131,-0.000000,0.000014,0.001,0.000148,-0.001356,-0.000647
0.1500,10.518454,10.518457,0.650953,-0.000055,-0.233905,-13.402,-0.997232,4.661433,0.000000,-0.657998,-37.701,-3.119275,15.340501,0.040174,-0.336131,-19.259,-1.479001,7.192548,0.000057,-0.000006,-0.000,0.000064,-0.000202,-0.000000,0.000015,0.001,0.000135,-0.001227,-0.000603
0.1600,10.518456,10.518458,0.662632,-0.000049,-0.243411,-13.946,-0.950617,4.267586,-0.000000,-0.687657,-39.400,-2.965870,14.546319,0.038691,-0.350202,-20.065,-1.407076,6.893233,0.000016,-0.000006,-0.000,0.000062,-0.000396,-0.000000,0.000016,0.001,0.000123,-0.001405,-0.000552
0.1700,10.518458,10.518460,0.674553,-0.000044,-0.252490,-14.467,-0.907942,3.956796,-0.000000,-0.715861,-41.016,-2.820406,13.885363,0.037416,-0.363583,-20.832,-1.338143,6.572433,-0.000002,-0.000005,-0.000,0.000058,-0.000520,-0.000000,0.000017,0.001,0.000109,-0.001034,-0.000496
0.1800,10.518460,10.518461,0.686763,-0.000042,-0.261174,-14.964,-0.868374,3.705112,0.000000,-0.742677,-42.552,-2.681553,13.310314,0.036619,-0.376308,-21.561,-1.272419,6.208024,0.000029,-0.000005,-0.000,0.000052,-0.000418,-0.000000,0.000018,0.001,0.000098,-0.000428,-0.000435
0.1900,10.518462,10.518463,0.699290,-0.000040,-0.269487,-15.440,-0.831322,3.421936,-0.000000,-0.768161,-44.012,-2.548450,12.709276,0.035746,-0.388411,-22.254,-1.210339,5.873867,0.000039,-0.000004,-0.000,0.000048,-0.000253,-0.000000,0.000019,0.001,0.000094,-0.000324,-0.000369
0.2000,10.518464,10.518465,0.712055,-0.000038,-0.277458,-15.897,-0.797103,3.098676,0.000000,-0.792375,-45.400,-2.421357,12.076847,0.034776,-0.399927,-22.914,-1.151600,5.589138,0.000024,-0.000004,-0.000,0.000046,-0.000339,-0.000000,0.000020,0.001,0.000091,-0.000591,-0.000298
0.2100,10.518466,10.518467,0.724964,-0.000037,-0.285119,-16.336,-0.766116,2.816892,0.000000,-0.815380,-46.718,-2.300588,11.520382,0.034170,-0.410884,-23.542,-1.095709,5.308231,-0.000049,-0.000003,-0.000,0.000042,-0.000273,-0.000000,0.000021,0.001,0.000085,-0.000900,-0.000223
0.2200,10.518468,10.518469,0.738015,-0.000034,-0.292499,-16.759,-0.737947,2.658140,-0.000000,-0.837234,-47.970,-2.185385,11.137508,0.034502,-0.421310,-24.139,-1.042626,4.965084,-0.000031,-0.000003,-0.000,0.000040,0.000493,-0.000000,0.000022,0.001,0.000076,-0.001016,-0.000147
0.2300,10.518470,10.518471,0.751308,-0.000028,-0.299612,-17.167,-0.711366,2.857252,-0.000000,-0.857974,-49.158,-2.074010,11.271460,0.037006,-0.431240,-24.708,-0.992976,4.529989,0.000119,-0.000002,-0.000,0.000045,0.001598,-0.000000,0.000023,0.001,0.000066,-0.000307,-0.000073
0.2400,10.518473,10.518473,0.765214,-0.000020,-0.306440,-17.558,-0.682793,2.840673,0.000000,-0.877587,-50.282,-1.961295,11.240005,0.037148,-0.440717,-25.251,-0.947676,4.495642,0.000163,-0.000002,-0.000,0.000061,0.001049,-0.000000,0.000023,0.001,0.000063,-0.000376,0.000006
0.2500,10.518475,10.518475,0.779401,-0.000013,-0.312984,-17.933,-0.654387,2.492599,0.000000,-0.896076,-51.341,-1.848895,10.604551,0.036453,-0.449744,-25.768,-0.902719,4.182937,0.000183,-0.000001,-0.000,0.000071,0.000435,-0.000000,0.000024,0.001,0.000059,0.000361,0.000087
0.2600,10.518478,10.518477,0.793502,-0.000001,-0.319279,-18.293,-0.629461,1.649153,0.000000,-0.913505,-52.340,-1.742849,9.115699,0.033632,-0.458353,-26.262,-0.860890,3.579607,0.000030,-0.000000,-0.000,0.000075,-0.000783,-0.000000,0.000024,0.001,0.000062,-0.002175,0.000171
0.2700,10.518480,10.518479,0.806945,0.000009,-0.325409,-18.645,-0.612969,0.806866,0.000000,-0.930022,-53.286,-1.651692,8.064524,0.024740,-0.466604,-26.734,-0.825094,4.047399,-0.000199,0.000000,0.000,0.000068,-0.002767,-0.000000,0.000025,0.001,0.000041,-0.000820,0.000255
0.2800,10.518483,10.518482,0.819509,-0.000001,-0.331458,-18.991,-0.604901,0.102858,0.000000,-0.945732,-54.186,-1.571047,6.974584,0.019997,-0.474450,-27.184,-0.784620,3.866625,-0.000265,0.000001,0.000,0.000040,-0.003336,-0.000000,0.000025,0.001,0.000032,-0.004250,0.000336
0.2900,10.518487,10.518486,0.831373,-0.000026,-0.337496,-19.337,-0.603872,0.114199,0.000000,-0.960745,-55.047,-1.501301,6.798863,0.023232,-0.481910,-27.611,-0.745954,3.560128,-0.000044,0.000001,0.000,0.000007,0.001649,-0.000000,0.000025,0.001,-0.000010,0.002301,0.000402
0.3000,10.518489,10.518488,0.843497,-0.000006,-0.343524,-19.682,-0.602730,0.846630,-0.000000,-0.975078,-55.868,-1.433313,7.721889,0.025388,-0.489013,-28.018,-0.710352,3.415059,0.000086,0.000001,0.000,0.000023,-0.001210,-0.000000,0.000025,0.001,0.000013,-0.000347,0.000469
0.3100,10.518492,10.518491,0.855828,-0.000015,-0.349466,-20.023,-0.594264,0.895791,0.000000,-0.988639,-56.645,-1.356094,7.594689,0.025990,-0.495775,-28.406,-0.676202,3.149772,0.000098,0.000001,0.000,0.000011,-0.000741,-0.000000,0.000025,0.001,0.000009,-0.000152,0.000533
0.3200,10.518495,10.518494,0.867622,-0.000018,-0.355319,-20.358,-0.585306,0.778912,0.000000,-1.001441,-57.378,-1.280147,7.216581,0.025549,-0.502222,-28.775,-0.644704,2.895469,0.000069,0.000001,0.000,0.000003,-0.000203,-0.000000,0.000025,0.001,0.000008,-0.000335,0.000591
0.3300,10.518498,10.518497,0.878745,-0.000018,-0.361094,-20.689,-0.577517,0.666229,-0.000000,-1.013521,-58.070,-1.207981,6.866215,0.024698,-0.508380,-29.128,-0.615749,2.709600,0.000043,0.000001,0.000,0.000001,-0.000140,-0.000000,0.000025,0.001,0.000005,-0.000528,0.000641
0.3400,10.518502,10.518501,0.889266,-0.000017,-0.366803,-21.016,-0.570854,0.552342,-0.000000,-1.024914,-58.723,-1.139319,6.516824,0.023647,-0.514266,-29.465,-0.588653,2.535554,0.000017,0.000001,0.000,0.000000,-0.000154,-0.000000,0.000025,0.001,-0.000001,-0.000621,0.000684
0.3500,10.518505,10.518504,0.899254,-0.000015,-0.372456,-21.340,-0.565331,0.445716,0.000000,-1.035655,-59.339,-1.074151,6.245097,0.022665,-0.519899,-29.788,-0.563298,2.448393,-0.000010,0.000001,0.000,-0.000001,-0.000136,-0.000000,0.000025,0.001,-0.000007,-0.000997,0.000718
0.3600,10.518509,10.518508,0.908641,-0.000014,-0.378065,-21.662,-0.560874,0.557099,0.000000,-1.045772,-59.918,-1.011700,6.093293,0.022514,-0.525287,-30.097,-0.538814,2.252236,0.000054,0.000001,0.000,-0.000003,0.000040,-0.000000,0.000025,0.001,-0.000017,-0.000376,0.000743
0.3700,10.518512,10.518512,0.918267,-0.000012,-0.383618,-21.980,-0.555303,0.405019,0.000000,-1.055280,-60.463,-0.950767,5.716388,0.021216,-0.530450,-30.393,-0.516291,2.173778,0.000009,0.000001,0.000,-0.000002,0.000188,-0.000000,0.000025,0.001,-0.000021,-0.000844,0.000760
0.3800,10.518516,10.518516,0.927492,-0.000009,-0.389131,-22.296,-0.551253,0.379684,0.000000,-1.064216,-60.975,-0.893603,5.474124,0.020237,-0.535396,-30.676,-0.494554,2.069106,0.000037,0.000001,0.000,-0.000001,0.000020,-0.000000,0.000025,0.001,-0.000029,-0.000593,0.000768
0.3900,10.518520,10.518520,0.936642,-0.000007,-0.394605,-22.609,-0.547456,0.131764,0.000000,-1.072605,-61.456,-0.838862,4.972696,0.018035,-0.540134,-30.947,-0.473863,1.986385,-0.000042,0.000001,0.000,-0.000000,-0.000988,-0.000000,0.000024,0.001,-0.000035,-0.000595,0.000767
0.4000,10.518524,10.518524,0.945325,-0.000008,-0.400067,-22.922,-0.546138,0.480373,-0.000000,-1.080496,-61.908,-0.789135,5.515292,0.017613,-0.544674,-31.208,-0.453999,1.561940,0.000008,0.000001,0.000,-0.000010,0.000106,0.000000,0.000024,0.001,-0.000041,-0.000644,0.000744
0.4100,10.518528,10.518528,0.946626,-0.000009,-0.405480,-23.232,-0.541334,0.769115,-0.000000,-1.087836,-62.328,-0.733982,4.957814,0.016323,-0.549058,-31.459,-0.438379,1.625196,-0.000007,0.000001,0.000,-0.000009,0.000388,-0.000000,0.000023,0.001,-0.000047,-0.000571,0.000726
0.4200,10.518532,10.518532,0.949795,-0.000008,-0.410816,-23.538,-0.533643,0.880991,-0.000000,-1.094680,-62.721,-0.684404,4.471776,0.014502,-0.553279,-31.701,-0.422127,1.640236,-0.000016,0.000001,0.000,-0.000005,0.000194,-0.000000,0.000023,0.001,-0.000053,-0.000461,0.000699
0.4300,10.518537,10.518537,0.953500,-0.000007,-0.416065,-23.839,-0.524833,0.970072,0.000000,-1.101077,-63.087,-0.639686,4.104855,0.012964,-0.557337,-31.933,-0.405725,1.617015,-0.000013,0.000001,0.000,-0.000003,0.000070,-0.000000,0.000022,0.001,-0.000058,-0.000332,0.000662
0.4400,10.518541,10.518541,0.957274,-0.000006,-0.421216,-24.134,-0.515133,1.043989,0.000000,-1.107063,-63.430,-0.598637,3.803088,0.011631,-0.561232,-32.156,-0.389555,1.576266,-0.000009,0.000001,0.000,-0.000003,0.000015,-0.000000,0.000022,0.001,-0.000061,-0.000228,0.000618
0.4500,10.518546,10.518546,0.960929,-0.000005,-0.426263,-24.423,-0.504693,1.104630,-0.000000,-1.112669,-63.751,-0.560606,3.539558,0.010433,-0.564970,-32.370,-0.373792,1.528301,-0.000006,0.000001,0.000,-0.000003,-0.000004,-0.000000,0.000021,0.001,-0.000063,-0.000151,0.000566
0.4600,10.518551,10.518551,0.964391,-0.000005,-0.431199,-24.706,-0.493646,1.153362,0.000000,-1.117921,-64.052,-0.525211,3.301636,0.009333,-0.568555,-32.576,-0.358509,1.477793,-0.000004,0.000001,0.000,-0.000003,-0.000006,-0.000000,0.000020,0.001,-0.000065,-0.000093,0.000508
0.4700,10.518556,10.518555,0.967636,-0.000004,-0.436020,-24.982,-0.482113,1.191433,0.000000,-1.122843,-64.334,-0.492195,3.083172,0.008312,-0.571993,-32.773,-0.343731,1.426793,-0.000003,0.000001,0.000,-0.000003,-0.000003,-0.000000,0.000020,0.001,-0.000066,-0.000048,0.000444
0.4800,10.518560,10.518560,0.970664,-0.000004,-0.440722,-25.252,-0.470198,1.220020,0.000000,-1.127457,-64.599,-0.461363,2.880942,0.007360,-0.575287,-32.962,-0.329463,1.376194,-0.000003,0.000001,0.000,-0.000003,0.000001,-0.000000,0.000019,0.001,-0.000066,-0.000010,0.000376
0.4900,10.518565,10.518565,0.973480,-0.000004,-0.445302,-25.514,-0.457998,1.240224,-0.000000,-1.131782,-64.846,-0.432553,2.693039,0.006473,-0.578444,-33.142,-0.315701,1.326396,-0.000003,0.000001,0.000,-0.000003,0.000004,-0.000000,0.000018,0.001,-0.000066,0.000021,0.000303
0.5000,10.518571,10.518571,0.976096,-0.000003,-0.449758,-25.769,-0.445596,1.253048,-0.000000,-1.135839,-65.079,-0.405623,2.518157,0.005647,-0.581469,-33.316,-0.302437,1.277588,-0.000003,0.000001,0.000,-0.000003,0.000006,-0.000000,0.000018,0.001,-0.000066,0.000049,0.000227
0.5100,10.518576,10.518576,0.978523,-0.000003,-0.454089,-26.017,-0.433066,1.259404,-0.000000,-1.139643,-65.297,-0.380441,2.355272,0.004881,-0.584365,-33.482,-0.289662,1.229870,-0.000003,0.000001,0.000,-0.000003,0.000007,-0.000000,0.000017,0.001,-0.000066,0.000072,0.000148
0.5200,10.518581,10.518581,0.980773,-0.000003,-0.458294,-26.258,-0.420472,1.260109,0.000000,-1.143212,-65.501,-0.356889,2.203507,0.004174,-0.587139,-33.641,-0.277363,1.183306,-0.000003,0.000001,0.000,-0.000002,0.000007,-0.000000,0.000016,0.001,-0.000065,0.000092,0.000068
0.5300,10.518587,10.518587,0.982856,-0.000002,-0.462372,-26.492,-0.407870,1.255892,-0.000000,-1.146560,-65.693,-0.334854,2.062068,0.003526,-0.589794,-33.793,-0.265530,1.137937,-0.000003,0.000001,0.000,-0.000002,0.000007,-0.000000,0.000016,0.001,-0.000064,0.000110,-0.000012
0.5400,10.518592,10.518592,0.984784,-0.000002,-0.466326,-26.718,-0.395312,1.247407,-0.000000,-1.149703,-65.873,-0.314233,1.930223,0.002934,-0.592336,-33.938,-0.254150,1.093796,-0.000003,0.000001,0.000,-0.000002,0.000007,-0.000000,0.000015,0.001,-0.000063,0.000124,-0.000092
0.5500,10.518598,10.518598,0.986568,-0.000002,-0.470154,-26.938,-0.382837,1.235238,-0.000000,-1.152652,-66.042,-0.294931,1.807289,0.002398,-0.594768,-34.078,-0.243213,1.050903,-0.000003,0.000001,0.000,-0.000002,0.000007,-0.000000,0.000015,0.001,-0.000062,0.000136,-0.000171
0.5600,10.518604,10.518604,0.988216,-0.000002,-0.473859,-27.150,-0.370485,1.219904,0.000000,-1.155421,-66.201,-0.276858,1.692633,0.001917,-0.597095,-34.211,-0.232704,1.009275,-0.000003,0.000001,0.000,-0.000002,0.000006,-0.000000,0.000014,0.001,-0.000060,0.000145,-0.000248
0.5700,10.518610,10.518610,0.989738,-0.000001,-0.477442,-27.355,-0.358286,1.201873,0.000000,-1.158020,-66.350,-0.259932,1.585663,0.001489,-0.599321,-34.339,-0.222611,0.968917,-0.000003,0.000000,0.000,-0.000002,0.000006,-0.000000,0.000013,0.001,-0.000059,0.000153,-0.000321
0.5800,10.518616,10.518616,0.991142,-0.000001,-0.480904,-27.554,-0.346267,1.181559,0.000000,-1.160461,-66.489,-0.244075,1.485830,0.001113,-0.601450,-34.461,-0.212922,0.929834,-0.000003,0.000000,0.000,-0.000002,0.000006,-0.000000,0.000013,0.001,-0.000057,0.000159,-0.000391
0.5900,10.518622,10.518622,0.992437,-0.000001,-0.484249,-27.745,-0.334452,1.159335,-0.000000,-1.162753,-66.621,-0.229217,1.392624,0.000787,-0.603486,-34.577,-0.203623,0.892022,-0.000003,0.000000,0.000,-0.000002,0.000006,-0.000000,0.000012,0.001,-0.000056,0.000163,-0.000456
0.6000,10.518628,10.518628,0.993629,-0.000001,-0.487477,-27.930,-0.322858,1.135531,0.000000,-1.164906,-66.744,-0.215290,1.305573,0.000511,-0.605433,-34.689,-0.194703,0.855471,-0.000003,0.000000,0.000,-0.000002,0.000006,-0.000000,0.000012,0.001,-0.000054,0.000166,-0.000516
0.6100,10.518634,10.518634,0.994726,-0.000001,-0.490593,-28.109,-0.311503,1.110444,-0.000000,-1.166928,-66.860,-0.202235,1.224240,0.000281,-0.607295,-34.795,-0.186148,0.820172,-0.000002,0.000000,0.000,-0.000002,0.000006,-0.000000,0.000011,0.001,-0.000052,0.000168,-0.000570
0.6200,10.518641,10.518641,0.995735,-0.000001,-0.493596,-28.281,-0.300399,1.084335,0.000000,-1.168828,-66.969,-0.189992,1.148222,0.000096,-0.609074,-34.897,-0.177947,0.786107,-0.000002,0.000000,0.000,-0.000002,0.000006,-0.000000,0.000011,0.001,-0.000051,0.000168,-0.000617
0.6300,10.518647,10.518647,0.996661,-0.000000,-0.496492,-28.447,-0.289555,1.057436,0.000000,-1.170613,-67.071,-0.178510,1.077143,-0.000045,-0.610775,-34.995,-0.170086,0.753257,-0.000002,0.000000,0.000,-0.000002,0.000006,-0.000000,0.000010,0.001,-0.000049,0.000168,-0.000657
0.6400,10.518654,10.518654,0.997510,-0.000000,-0.499282,-28.607,-0.278981,1.029955,0.000000,-1.172290,-67.167,-0.167739,1.010659,-0.000146,-0.612401,-35.088,-0.162553,0.721602,-0.000002,0.000000,0.000,-0.000002,0.000006,-0.000000,0.000010,0.001,-0.000047,0.000167,-0.000690
0.6500,10.518661,10.518661,0.998288,-0.000000,-0.501969,-28.761,-0.268681,1.002073,0.000000,-1.173867,-67.258,-0.157632,0.948451,-0.000208,-0.613954,-35.177,-0.155337,0.691117,-0.000002,0.000000,0.000,-0.000002,0.000006,-0.000000,0.000009,0.001,-0.000046,0.000165,-0.000714
0.6600,10.518667,10.518668,0.998999,-0.000000,-0.504555,-28.909,-0.258661,0.973950,-0.000000,-1.175348,-67.342,-0.148147,0.890222,-0.000235,-0.615438,-35.262,-0.148426,0.661776,-0.000002,0.000000,0.000,-0.000002,0.000006,-0.000000,0.000009,0.001,-0.000044,0.000163,-0.000731
0.6700,10.518674,10.518675,0.999648,0.000000,-0.507044,-29.052,-0.248921,0.945725,-0.000000,-1.176741,-67.422,-0.139245,0.835699,-0.000228,-0.616856,-35.343,-0.141808,0.633553,-0.000002,0.000000,0.000,-0.000002,0.000006,-0.000000,0.000008,0.000,-0.000042,0.000160,-0.000739
0.6800,10.518681,10.518682,1.000240,0.000000,-0.509439,-29.189,-0.239464,0.917522,0.000000,-1.178050,-67.497,-0.130888,0.784630,-0.000191,-0.618211,-35.421,-0.135472,0.606418,-0.000002,0.000000,0.000,-0.000001,0.000005,-0.000000,0.000008,0.000,-0.000041,0.000157,-0.000738
0.6900,10.518689,10.518689,1.000778,0.000000,-0.511742,-29.321,-0.230289,0.889447,0.000000,-1.179280,-67.568,-0.123042,0.736780,-0.000126,-0.619505,-35.495,-0.129408,0.580343,-0.000002,0.000000,0.000,-0.000001,0.000005,-0.000000,0.000008,0.000,-0.000039,0.000154,-0.000729
0.7000,10.518696,10.518696,1.001267,0.000000,-0.513956,-29.448,-0.221394,0.861592,-0.000000,-1.180437,-67.634,-0.115674,0.691933,-0.000037,-0.620741,-35.566,-0.123605,0.555297,-0.000002,0.000000,0.000,-0.000001,0.000005,-0.000000,0.000007,0.000,-0.000038,0.000150,-0.000712
0.7100,10.518703,10.518703,1.001709,0.000000,-0.516084,-29.569,-0.212778,0.834036,0.000000,-1.181524,-67.696,-0.108755,0.649887,0.000074,-0.621922,-35.633,-0.118052,0.531250,-0.000002,0.000000,0.000,-0.000001,0.000005,-0.000000,0.000007,0.000,-0.000036,0.000147,-0.000687
0.7200,10.518711,10.518711,1.002109,0.000000,-0.518128,-29.687,-0.204438,0.806847,0.000000,-1.182547,-67.755,-0.102256,0.610458,0.000203,-0.623049,-35.698,-0.112739,0.508171,-0.000002,0.000000,0.000,-0.000001,0.000005,-0.000000,0.000007,0.000,-0.000035,0.000143,-0.000654
0.7300,10.518718,10.518718,1.002468,0.000000,-0.520092,-29.799,-0.196369,0.780083,-0.000000,-1.183508,-67.810,-0.096151,0.573472,0.000348,-0.624126,-35.760,-0.107658,0.486029,-0.000001,0.000000,0.000,-0.000001,0.000005,-0.000000,0.000006,0.000,-0.000033,0.000138,-0.000613
0.7400,10.518726,10.518726,1.002790,0.000001,-0.521977,-29.907,-0.188569,0.753790,0.000000,-1.184413,-67.862,-0.090417,0.538768,0.000504,-0.625154,-35.819,-0.102797,0.464794,-0.000001,0.000000,0.000,-0.000001,0.000005,-0.000000,0.000006,0.000,-0.000032,0.000134,-0.000566
0.7500,10.518734,10.518734,1.003078,0.000001,-0.523788,-30.011,-0.181031,0.728010,-0.000000,-1.185263,-67.911,-0.085029,0.506199,0.000668,-0.626135,-35.875,-0.098149,0.444433,-0.000001,0.000000,0.000,-0.000001,0.000005,-0.000000,0.000006,0.000,-0.000031,0.000130,-0.000512
0.7600,10.518742,10.518742,1.003334,0.000001,-0.525525,-30.110,-0.173751,0.702774,0.000000,-1.186062,-67.956,-0.079967,0.475626,0.000839,-0.627072,-35.929,-0.093705,0.424918,-0.000001,0.000000,0.000,-0.000001,0.000005,-0.000000,0.000005,0.000,-0.000029,0.000126,-0.000452
0.7700,10.518750,10.518750,1.003561,0.000001,-0.527193,-30.206,-0.166723,0.678110,0.000000,-1.186815,-67.999,-0.075211,0.446921,0.001011,-0.627967,-35.980,-0.089456,0.406218,-0.000001,0.000000,0.000,-0.000001,0.000005,-0.000000,0.000005,0.000,-0.000028,0.000122,-0.000386
0.7800,10.518758,10.518758,1.003760,0.000001,-0.528792,-30.298,-0.159942,0.654037,0.000000,-1.187522,-68.040,-0.070742,0.419965,0.001183,-0.628821,-36.029,-0.085394,0.388303,-0.000001,0.000000,0.000,-0.000001,0.000004,-0.000000,0.000005,0.000,-0.000027,0.000118,-0.000317
0.7900,10.518766,10.518766,1.003933,0.000001,-0.530326,-30.385,-0.153401,0.630571,0.000000,-1.188187,-68.078,-0.066542,0.394645,0.001351,-0.629636,-36.075,-0.081511,0.371146,-0.000001,0.000000,0.000,-0.000001,0.000004,-0.000000,0.000004,0.000,-0.000026,0.000113,-0.000243
0.8000,10.518774,10.518774,1.004083,0.000001,-0.531797,-30.470,-0.147096,0.607722,0.000000,-1.188813,-68.114,-0.062595,0.370860,0.001512,-0.630414,-36.120,-0.077799,0.354716,-0.000001,0.000000,0.000,-0.000001,0.000004,-0.000000,0.000004,0.000,-0.000024,0.000109,-0.000167
0.8100,10.518783,10.518783,1.004211,0.000001,-0.533207,-30.551,-0.141018,0.585499,-0.000000,-1.189402,-68.148,-0.058887,0.348513,0.001664,-0.631156,-36.163,-0.074252,0.338987,-0.000001,0.000000,0.000,-0.000001,0.000004,-0.000000,0.000004,0.000,-0.000023,0.000105,-0.000089
0.8200,10.518791,10.518791,1.004319,0.000001,-0.534559,-30.628,-0.135163,0.563904,-0.000000,-1.189956,-68.179,-0.055402,0.327513,0.001804,-0.631865,-36.203,-0.070862,0.323931,-0.000001,0.000000,0.000,-0.000001,0.000004,-0.000000,0.000004,0.000,-0.000022,0.000101,-0.000009
0.8300,10.518800,10.518800,1.004408,0.000001,-0.535854,-30.702,-0.129524,0.542938,-0.000000,-1.190478,-68.209,-0.052127,0.307777,0.001931,-0.632541,-36.242,-0.067623,0.309522,-0.000001,0.000000,0.000,-0.000001,0.000004,-0.000000,0.000004,0.000,-0.000021,0.000097,0.000071
0.8400,10.518809,10.518809,1.004480,0.000001,-0.537095,-30.773,-0.124095,0.522599,0.000000,-1.190968,-68.237,-0.049049,0.289227,0.002041,-0.633186,-36.279,-0.064528,0.295735,-0.000001,0.000000,0.000,-0.000001,0.000004,-0.000000,0.000003,0.000,-0.000020,0.000094,0.000150
0.8500,10.518817,10.518817,1.004537,0.000001,-0.538284,-30.841,-0.118869,0.502883,0.000000,-1.191430,-68.264,-0.046157,0.271791,0.002133,-0.633802,-36.314,-0.061570,0.282545,-0.000001,0.000000,0.000,-0.000001,0.000004,-0.000000,0.000003,0.000,-0.000019,0.000090,0.000228
0.8600,10.518826,10.518826,1.004578,0.000001,-0.539422,-30.907,-0.113840,0.483784,0.000000,-1.191864,-68.289,-0.043439,0.255399,0.002205,-0.634390,-36.348,-0.058745,0.269927,-0.000001,0.000000,0.000,-0.000001,0.000003,-0.000000,0.000003,0.000,-0.000018,0.000086,0.000304
0.8700,10.518835,10.518835,1.004606,0.000001,-0.540512,-30.969,-0.109002,0.465294,-0.000000,-1.192273,-68.312,-0.040885,0.239989,0.002256,-0.634950,-36.380,-0.056046,0.257858,-0.000001,0.000000,0.000,-0.000001,0.000003,-0.000000,0.000003,0.000,-0.000018,0.000083,0.000376
0.8800,10.518845,10.518845,1.004622,0.000001,-0.541556,-31.029,-0.104349,0.447405,-0.000000,-1.192658,-68.334,-0.038485,0.225500,0.002286,-0.635485,-36.411,-0.053467,0.246316,-0.000002,0.000000,0.000,-0.000001,0.000003,-0.000000,0.000003,0.000,-0.000017,0.000080,0.000444
0.8900,10.518854,10.518854,1.004626,0.000001,-0.542554,-31.086,-0.099875,0.430105,0.000000,-1.193020,-68.355,-0.036230,0.211878,0.002292,-0.635995,-36.440,-0.051004,0.235278,-0.000002,0.000000,0.000,-0.000001,0.000003,-0.000000,0.000002,0.000,-0.000016,0.000076,0.000508
0.9000,10.518863,10.518863,1.004620,0.000001,-0.543510,-31.141,-0.095574,0.413384,-0.000000,-1.193361,-68.375,-0.034111,0.199069,0.002275,-0.636481,-36.468,-0.048651,0.224725,-0.000002,0.000000,0.000,-0.000001,0.000003,-0.000000,0.000002,0.000,-0.000015,0.000073,0.000567
0.9100,10.518873,10.518873,1.004604,0.000001,-0.544424,-31.193,-0.091441,0.397230,0.000000,-1.193682,-68.393,-0.032120,0.187025,0.002235,-0.636945,-36.494,-0.046404,0.214634,-0.000002,0.000000,0.000,-0.000001,0.000003,-0.000000,0.000002,0.000,-0.000014,0.000070,0.000619
0.9200,10.518882,10.518882,1.004580,0.000001,-0.545299,-31.243,-0.087468,0.381629,-0.000000,-1.193985,-68.410,-0.030250,0.175701,0.002172,-0.637388,-36.520,-0.044258,0.204988,-0.000002,0.000000,0.000,-0.000000,0.000003,-0.000000,0.000002,0.000,-0.000014,0.000067,0.000665
0.9300,10.518892,10.518892,1.004547,0.000001,-0.546136,-31.291,-0.083652,0.366570,-0.000000,-1.194270,-68.427,-0.028493,0.165053,0.002085,-0.637810,-36.544,-0.042208,0.195767,-0.000002,0.000000,0.000,-0.000000,0.000003,-0.000000,0.000002,0.000,-0.000013,0.000064,0.000704
0.9400,10.518902,10.518902,1.004507,0.000001,-0.546936,-31.337,-0.079986,0.352039,0.000000,-1.194538,-68.442,-0.026842,0.155042,0.001976,-0.638212,-36.567,-0.040250,0.186952,-0.000002,0.000000,0.000,-0.000000,0.000002,-0.000000,0.000002,0.000,-0.000012,0.000062,0.000735
0.9500,10.518912,10.518912,1.004461,0.000001,-0.547700,-31.381,-0.076466,0.338021,0.000000,-1.194791,-68.456,-0.025292,0.145629,0.001846,-0.638596,-36.589,-0.038380,0.178527,-0.000002,0.000000,0.000,-0.000000,0.000002,-0.000000,0.000002,0.000,-0.000012,0.000059,0.000758
0.9600,10.518922,10.518922,1.004409,0.000001,-0.548431,-31.423,-0.073086,0.324502,0.000000,-1.195029,-68.470,-0.023836,0.136779,0.001695,-0.638962,-36.610,-0.036595,0.170475,-0.000002,0.000000,0.000,-0.000000,0.000002,-0.000000,0.000002,0.000,-0.000011,0.000056,0.000773
0.9700,10.518932,10.518932,1.004351,0.000001,-0.549129,-31.463,-0.069841,0.311470,0.000000,-1.195254,-68.483,-0.022468,0.128459,0.001526,-0.639311,-36.630,-0.034890,0.162779,-0.000002,0.000000,0.000,-0.000000,0.000002,-0.000000,0.000001,0.000,-0.000011,0.000054,0.000780
0.9800,10.518942,10.518942,1.004289,0.000001,-0.549797,-31.501,-0.066726,0.298909,0.000000,-1.195466,-68.495,-0.021183,0.120638,0.001340,-0.639644,-36.649,-0.033263,0.155425,-0.000003,0.000000,0.000,-0.000000,0.000002,-0.000000,0.000001,0.000,-0.000010,0.000052,0.000778
0.9900,10.518952,10.518952,1.004222,0.000001,-0.550434,-31.538,-0.063737,0.286807,0.000000,-1.195666,-68.507,-0.019977,0.113286,0.001139,-0.639961,-36.667,-0.031708,0.148397,-0.000003,0.000000,0.000,-0.000000,0.000002,-0.000000,0.000001,0.000,-0.000010,0.000049,0.000768
1.0000,10.518963,10.518963,1.004151,0.000001,-0.551043,-31.572,-0.060869,0.275148,0.000000,-1.195854,-68.517,-0.018844,0.106376,0.000924,-0.640263,-36.684,-0.030224,0.141681,-0.000003,0.000000,0.000,-0.000000,0.000002,-0.000000,0.000001,0.000,-0.000009,0.000047,0.000750
1.0100,10.518973,10.518973,1.004077,0.000001,-0.551624,-31.606,-0.058117,0.263919,0.000000,-1.196032,-68.528,-0.017780,0.099882,0.000699,-0.640551,-36.701,-0.028808,0.135263,-0.000003,0.000000,0.000,-0.000000,0.000002,-0.000000,0.000001,0.000,-0.000009,0.000045,0.000724
1.0200,10.518984,10.518984,1.004000,0.000001,-0.552179,-31.638,-0.055478,0.253106,0.000000,-1.196200,-68.537,-0.016782,0.093779,0.000465,-0.640826,-36.717,-0.027455,0.129131,-0.000003,0.000000,0.000,-0.000000,0.000002,-0.000000,0.000001,0.000,-0.000008,0.000043,0.000690
1.0300,10.518994,10.518994,1.003921,0.000001,-0.552708,-31.668,-0.052947,0.242697,0.000000,-1.196358,-68.546,-0.015844,0.088045,0.000225,-0.641087,-36.732,-0.026164,0.123272,-0.000003,0.000000,0.000,-0.000000,0.000001,-0.000000,0.000001,0.000,-0.000008,0.000041,0.000649
1.0400,10.519005,10.519005,1.003839,0.000001,-0.553213,-31.697,-0.050520,0.232677,-0.000000,-1.196508,-68.555,-0.014963,0.082658,-0.000018,-0.641337,-36.746,-0.024931,0.117673,-0.000003,0.000000,0.000,-0.000000,0.000001,-0.000000,0.000001,0.000,-0.000007,0.000039,0.000601
1.0500,10.519016,10.519016,1.003756,0.000001,-0.553695,-31.724,-0.048193,0.223035,0.000000,-1.196649,-68.563,-0.014137,0.077598,-0.000262,-0.641574,-36.759,-0.023754,0.112324,-0.000003,0.000000,0.000,-0.000000,0.000001,-0.000000,0.000001,0.000,-0.000007,0.000038,0.000547
1.0600,10.519027,10.519027,1.003671,0.000001,-0.554155,-31.751,-0.045963,0.213757,-0.000000,-1.196783,-68.571,-0.013361,0.072845,-0.000505,-0.641801,-36.772,-0.022631,0.107214,-0.000003,0.000000,0.000,-0.000000,0.000001,-0.000000,0.000001,0.000,-0.000007,0.000036,0.000486
1.0700,10.519038,10.519038,1.003584,0.000001,-0.554593,-31.776,-0.043825,0.204832,-0.000000,-1.196909,-68.578,-0.012632,0.068381,-0.000743,-0.642016,-36.785,-0.021559,0.102331,-0.000003,0.000000,0.000,-0.000000,0.000001,-0.000000,0.000001,0.000,-0.000006,0.000034,0.000421
1.0800,10.519050,10.519050,1.003497,0.000001,-0.555011,-31.800,-0.041777,0.196246,0.000000,-1.197029,-68.585,-0.011948,0.064190,-0.000974,-0.642221,-36.797,-0.020536,0.097666,-0.000003,0.000000,0.000,-0.000000,0.000001,-0.000000,0.000001,0.000,-0.000006,0.000033,0.000351
1.0900,10.519061,10.519061,1.003409,0.000001,-0.555409,-31.823,-0.039815,0.187989,-0.000000,-1.197142,-68.591,-0.011307,0.060256,-0.001196,-0.642417,-36.808,-0.019559,0.093209,-0.000003,0.000000,0.000,-0.000000,0.000001,-0.000000,0.000001,0.000,-0.000006,0.000031,0.000278
1.1000,10.519073,10.519073,1.003320,0.000001,-0.555788,-31.844,-0.037935,0.180049,0.000000,-1.197249,-68.597,-0.010704,0.056563,-0.001406,-0.642603,-36.818,-0.018627,0.088951,-0.000003,0.000000,0.000,-0.000000,0.000001,-0.000000,0.000000,0.000,-0.000005,0.000030,0.000202
1.1100,10.519084,10.519084,1.003231,0.000001,-0.556150,-31.865,-0.036134,0.172414,0.000000,-1.197350,-68.603,-0.010138,0.053097,-0.001602,-0.642781,-36.829,-0.017737,0.084883,-0.000003,0.000000,0.000,-0.000000,0.000001,-0.000000,0.000000,0.000,-0.000005,0.000028,0.000124
1.1200,10.519096,10.519096,1.003142,0.000001,-0.556494,-31.885,-0.034410,0.165075,0.000000,-1.197446,-68.609,-0.009607,0.049845,-0.001781,-0.642950,-36.838,-0.016888,0.080997,-0.000003,0.000000,0.000,-0.000000,0.000001,-0.000000,0.000000,0.000,-0.000005,0.000027,0.000045
1.1300,10.519108,10.519108,1.003053,0.000001,-0.556821,-31.904,-0.032759,0.158021,0.000000,-1.197537,-68.614,-0.009109,0.046794,-0.001943,-0.643110,-36.848,-0.016078,0.077285,-0.000003,0.000000,0.000,-0.000000,0.000001,-0.000000,0.000000,0.000,-0.000004,0.000026,-0.000034
1.1400,10.519119,10.519119,1.002964,0.000001,-0.557133,-31.921,-0.031179,0.151241,-0.000000,-1.197624,-68.619,-0.008641,0.043932,-0.002084,-0.643263,-36.856,-0.015306,0.073739,-0.000003,0.000000,0.000,-0.000000,0.000001,-0.000000,0.000000,0.000,-0.000004,0.000024,-0.000113
1.1500,10.519131,10.519131,1.002876,0.000001,-0.557430,-31.938,-0.029667,0.144727,-0.000000,-1.197706,-68.623,-0.008202,0.041249,-0.002205,-0.643409,-36.865,-0.014568,0.070351,-0.000003,0.000000,0.000,-0.000000,0.000001,-0.000000,0.000000,0.000,-0.000004,0.000023,-0.000190
1.1600,10.519143,10.519144,1.002788,0.000001,-0.557712,-31.955,-0.028219,0.138467,0.000000,-1.197784,-68.628,-0.007789,0.038733,-0.002302,-0.643548,-36.873,-0.013865,0.067114,-0.000003,0.000000,0.000,-0.000000,0.000001,-0.000000,0.000000,0.000,-0.000004,0.000022,-0.000264
1.1700,10.519156,10.519156,1.002701,0.000001,-0.557980,-31.970,-0.026835,0.132454,0.000000,-1.197858,-68.632,-0.007402,0.036374,-0.002375,-0.643680,-36.880,-0.013194,0.064023,-0.000003,0.000000,0.000,-0.000000,0.000001,-0.000000,0.000000,0.000,-0.000003,0.000021,-0.000336
1.1800,10.519168,10.519168,1.002615,0.000001,-0.558236,-31.985,-0.025510,0.126678,0.000000,-1.197928,-68.636,-0.007038,0.034163,-0.002424,-0.643805,-36.887,-0.012553,0.061070,-0.000003,0.000000,0.000,-0.000000,0.000001,-0.000000,0.000000,0.000,-0.000003,0.000020,-0.000403
1.1900,10.519180,10.519180,1.002529,0.000001,-0.558478,-31.998,-0.024243,0.121131,0.000000,-1.197995,-68.640,-0.006697,0.032091,-0.002447,-0.643925,-36.894,-0.011943,0.058249,-0.000003,0.000000,0.000,-0.000000,0.000001,-0.000000,0.000000,0.000,-0.000003,0.000019,-0.000465
1.2000,10.519193,10.519193,1.002445,0.000001,-0.558708,-32.012,-0.023032,0.115804,-0.000000,-1.198059,-68.644,-0.006376,0.030150,-0.002445,-0.644038,-36.901,-0.011360,0.055555,-0.000003,0.000000,0.000,-0.000000,0.000000,-0.000000,0.000000,0.000,-0.000003,0.000018,-0.000522
1.2100,10.519206,10.519206,1.002361,0.000001,-0.558927,-32.024,-0.021874,0.110689,0.000000,-1.198119,-68.647,-0.006074,0.028331,-0.002418,-0.644146,-36.907,-0.010805,0.052982,-0.000003,0.000000,0.000,-0.000000,0.000000,-0.000000,0.000000,0.000,-0.000003,0.000017,-0.000573
1.2200,10.519218,10.519218,1.002279,0.000001,-0.559135,-32.036,-0.020767,0.105779,0.000000,-1.198177,-68.651,-0.005791,0.026628,-0.002366,-0.644249,-36.913,-0.010275,0.050524,-0.000002,0.000000,0.000,-0.000000,0.000000,-0.000000,0.000000,0.000,-0.000003,0.000016,-0.000618
1.2300,10.519231,10.519231,1.002198,0.000001,-0.559332,-32.047,-0.019709,0.101067,0.000000,-1.198233,-68.654,-0.005525,0.025033,-0.002289,-0.644347,-36.918,-0.009770,0.048176,-0.000002,0.000000,0.000,-0.000000,0.000000,-0.000000,0.000000,0.000,-0.000002,0.000016,-0.000655
1.2400,10.519244,10.519244,1.002119,0.000001,-0.559519,-32.058,-0.018699,0.096544,0.000000,-1.198285,-68.657,-0.005274,0.023540,-0.002188,-0.644440,-36.924,-0.009288,0.045934,-0.000002,0.000000,0.000,-0.000000,0.000000,-0.000000,-0.000000,-0.000,-0.000002,0.000015,-0.000684
1.2500,10.519257,10.519257,1.002041,0.000001,-0.559696,-32.068,-0.017733,0.092204,0.000000,-1.198336,-68.660,-0.005039,0.022142,-0.002064,-0.644528,-36.929,-0.008828,0.043793,-0.000002,0.000000,0.000,-0.000000,0.000000,-0.000000,-0.000000,-0.000,-0.000002,0.000014,-0.000706
1.2600,10.519270,10.519270,1.001964,0.000001,-0.559864,-32.078,-0.016811,0.088041,0.000000,-1.198384,-68.662,-0.004817,0.020833,-0.001920,-0.644612,-36.934,-0.008391,0.041748,-0.000002,0.000000,0.000,-0.000000,0.000000,-0.000000,-0.000000,-0.000,-0.000002,0.000013,-0.000719
1.2700,10.519283,10.519284,1.001889,0.000001,-0.560024,-32.087,-0.015931,0.084047,-0.000000,-1.198430,-68.665,-0.004609,0.019609,-0.001755,-0.644692,-36.938,-0.007973,0.039795,-0.000002,0.000000,0.000,-0.000000,0.000000,-0.000000,-0.000000,-0.000,-0.000002,0.000013,-0.000725
1.2800,10.519297,10.519297,1.001815,0.000001,-0.560175,-32.096,-0.015090,0.080217,-0.000000,-1.198474,-68.668,-0.004413,0.018463,-0.001573,-0.644767,-36.942,-0.007575,0.037931,-0.000001,0.000000,0.000,-0.000000,0.000000,-0.000000,-0.000000,-0.000,-0.000002,0.000012,-0.000722
1.2900,10.519310,10.519310,1.001743,0.000001,-0.560317,-32.104,-0.014288,0.076544,0.000000,-1.198516,-68.670,-0.004228,0.017391,-0.001375,-0.644839,-36.947,-0.007196,0.036150,-0.000001,0.000000,0.000,-0.000000,0.000000,-0.000000,-0.000000,-0.000,-0.000002,0.000011,-0.000710
1.3000,10.519324,10.519324,1.001672,0.000001,-0.560453,-32.112,-0.013523,0.073022,0.000000,-1.198557,-68.672,-0.004054,0.016388,-0.001164,-0.644908,-36.950,-0.006834,0.034450,-0.000001,0.000000,0.000,-0.000000,0.000000,-0.000000,-0.000000,-0.000,-0.000001,0.000011,-0.000690
1.3100,10.519338,10.519338,1.001603,0.000001,-0.560581,-32.119,-0.012793,0.069646,0.000000,-1.198596,-68.674,-0.003891,0.015449,-0.000940,-0.644972,-36.954,-0.006490,0.032827,-0.000001,0.000000,0.000,-0.000000,0.000000,-0.000000,-0.000000,-0.000,-0.000001,0.000010,-0.000663
1.3200,10.519351,10.519351,1.001535,0.000001,-0.560702,-32.126,-0.012096,0.066411,-0.000000,-1.198633,-68.677,-0.003736,0.014572,-0.000709,-0.645034,-36.958,-0.006161,0.031277,-0.000001,0.000000,0.000,-0.000000,0.000000,-0.000000,-0.000000,-0.000,-0.000001,0.000010,-0.000627
1.3300,10.519365,10.519365,1.001469,0.000001,-0.560816,-32.132,-0.011432,0.063311,0.000000,-1.198669,-68.679,-0.003590,0.013751,-0.000470,-0.645093,-36.961,-0.005849,0.029798,-0.000000,0.000000,0.000,-0.000000,0.000000,-0.000000,-0.000000,-0.000,-0.000001,0.000009,-0.000585
1.3400,10.519379,10.519379,1.001405,0.000000,-0.560924,-32.139,-0.010799,0.060341,0.000000,-1.198704,-68.681,-0.003453,0.012983,-0.000228,-0.645148,-36.964,-0.005551,0.028386,-0.000000,0.000000,0.000,-0.000000,0.000000,-0.000000,-0.000000,-0.000,-0.000001,0.000009,-0.000535
1.3500,10.519393,10.519393,1.001342,0.000000,-0.561026,-32.144,-0.010195,0.057496,0.000000,-1.198737,-68.683,-0.003323,0.012265,0.000015,-0.645201,-36.967,-0.005267,0.027038,-0.000000,0.000000,0.000,-0.000000,0.000000,-0.000000,-0.000000,-0.000,-0.000001,0.000008,-0.000480
1.3600,10.519408,10.519408,1.001281,0.000000,-0.561122,-32.150,-0.009621,0.054771,-0.000000,-1.198769,-68.684,-0.003200,0.011594,0.000257,-0.645251,-36.970,-0.004997,0.025751,0.000000,0.000000,0.000,-0.000000,0.000000,-0.000000,-0.000000,-0.000,-0.000001,0.000008,-0.000418
1.3700,10.519422,10.519422,1.001222,0.000000,-0.561213,-32.155,-0.009073,0.052162,0.000000,-1.198800,-68.686,-0.003084,0.010966,0.000494,-0.645298,-36.973,-0.004739,0.024523,0.000000,0.000000,0.000,-0.000000,0.000000,-0.000000,-0.000000,-0.000,-0.000001,0.000007,-0.000352
1.3800,10.519436,10.519436,1.001164,0.000000,-0.561298,-32.160,-0.008551,0.049664,0.000000,-1.198829,-68.688,-0.002975,0.010379,0.000725,-0.645343,-36.975,-0.004494,0.023350,0.000000,0.000000,0.000,-0.000000,0.000000,-0.000000,-0.000000,-0.000,-0.000001,0.000007,-0.000281
1.3900,10.519451,10.519451,1.001108,0.000000,-0.561379,-32.165,-0.008055,0.047272,0.000000,-1.198858,-68.690,-0.002871,0.009830,0.000946,-0.645386,-36.978,-0.004260,0.022232,0.000001,0.000000,0.000,-0.000000,0.000000,-0.000000,-0.000000,-0.000,-0.000001,0.000006,-0.000207
1.4000,10.519465,10.519465,1.001053,0.000000,-0.561455,-32.169,-0.007582,0.044984,-0.000000,-1.198886,-68.691,-0.002773,0.009316,0.001155,-0.645426,-36.980,-0.004038,0.021164,0.000001,0.000000,0.000,-0.000000,0.000000,-0.000000,-0.000000,-0.000,-0.000001,0.000006,-0.000130
1.4100,10.519480,10.519480,1.001000,0.000000,-0.561526,-32.173,-0.007132,0.042794,0.000000,-1.198913,-68.693,-0.002680,0.008836,0.001351,-0.645464,-36.982,-0.003826,0.020145,0.000001,0.000000,0.000,-0.000000,0.000000,-0.000000,-0.000000,-0.000,-0.000001,0.000006,-0.000051
1.4200,10.519495,10.519495,1.000949,0.000000,-0.561593,-32.177,-0.006704,0.040700,0.000000,-1.198939,-68.694,-0.002591,0.008387,0.001530,-0.645501,-36.984,-0.003625,0.019173,0.000001,0.000000,0.000,-0.000000,0.000000,-0.000000,-0.000000,-0.000,-0.000000,0.000005,0.000028
1.4300,10.519510,10.519510,1.000899,0.000000,-0.561656,-32.181,-0.006297,0.038696,0.000000,-1.198964,-68.696,-0.002507,0.007967,0.001691,-0.645535,-36.986,-0.003433,0.018246,0.000001,0.000000,0.000,-0.000000,0.000000,-0.000000,-0.000000,-0.000,-0.000000,0.000005,0.000108
1.4400,10.519525,10.519525,1.000851,0.000000,-0.561715,-32.184,-0.005910,0.036780,0.000000,-1.198988,-68.697,-0.002428,0.007575,0.001832,-0.645567,-36.988,-0.003251,0.017361,0.000001,0.000000,0.000,-0.000000,0.000000,-0.000000,-0.000000,-0.000,-0.000000,0.000005,0.000187
1.4500,10.519540,10.519540,1.000804,0.000000,-0.561770,-32.187,-0.005542,0.034947,0.000000,-1.199011,-68.698,-0.002352,0.007208,0.001951,-0.645598,-36.990,-0.003077,0.016517,0.000002,0.000000,0.000,-0.000000,0.000000,-0.000000,-0.000000,-0.000,-0.000000,0.000004,0.000264
1.4600,10.519555,10.519555,1.000759,0.000000,-0.561822,-32.190,-0.005193,0.033195,0.000000,-1.199034,-68.700,-0.002280,0.006864,0.002048,-0.645627,-36.992,-0.002912,0.015712,0.000002,0.000000,0.000,-0.000000,0.000000,-0.000000,-0.000000,-0.000,-0.000000,0.000004,0.000339
1.4700,10.519571,10.519571,1.000715,0.000000,-0.561871,-32.193,-0.004861,0.031520,0.000000,-1.199056,-68.701,-0.002211,0.006543,0.002121,-0.645655,-36.993,-0.002755,0.014944,0.000002,0.000000,0.000,-0.000000,0.000000,-0.000000,-0.000000,-0.000,-0.000000,0.000004,0.000410
1.4800,10.519586,10.519586,1.000672,0.000000,-0.561916,-32.195,-0.004546,0.029920,0.000000,-1.199078,-68.702,-0.002146,0.006243,0.002170,-0.645681,-36.995,-0.002605,0.014211,0.000002,0.000000,0.000,-0.000000,0.000000,-0.000000,-0.000000,-0.000,-0.000000,0.000004,0.000477
1.4900,10.519602,10.519602,1.000631,0.000000,-0.561959,-32.198,-0.004246,0.028390,-0.000000,-1.199099,-68.703,-0.002083,0.005962,0.002193,-0.645706,-36.996,-0.002463,0.013512,0.000002,0.000000,0.000,-0.000000,0.000000,-0.000000,-0.000000,-0.000,-0.000000,0.000003,0.000540
1.5000,10.519617,10.519617,1.000592,0.000000,-0.561999,-32.200,-0.003963,0.026928,0.000000,-1.199119,-68.704,-0.002024,0.005699,0.002191,-0.645729,-36.998,-0.002328,0.012846,0.000002,0.000000,0.000,-0.000000,0.000000,-0.000000,-0.000000,-0.000,-0.000000,0.000003,0.000596
1.5100,10.519633,10.519633,1.000554,0.000000,-0.562035,-32.202,-0.003693,0.025532,0.000000,-1.199139,-68.706,-0.001967,0.005453,0.002164,-0.645751,-36.999,-0.002200,0.012210,0.000002,0.000000,0.000,-0.000000,0.000000,-0.000000,-0.000000,-0.000,-0.000000,0.000003,0.000647
1.5200,10.519649,10.519649,1.000517,0.000000,-0.562070,-32.204,-0.003438,0.024198,0.000000,-1.199158,-68.707,-0.001912,0.005224,0.002112,-0.645772,-37.000,-0.002078,0.011604,0.000002,0.000000,0.000,0.000000,0.000000,-0.000000,-0.000000,-0.000,-0.000000,0.000003,0.000691
1.5300,10.519665,10.519665,1.000482,0.000000,-0.562102,-32.206,-0.003196,0.022923,0.000000,-1.199176,-68.708,-0.001860,0.005009,0.002036,-0.645791,-37.001,-0.001961,0.011026,0.000002,0.000000,0.000,0.000000,0.000000,-0.000000,-0.000000,-0.000,-0.000000,0.000003,0.000727
1.5400,10.519681,10.519681,1.000448,0.000000,-0.562131,-32.208,-0.002967,0.021706,-0.000000,-1.199194,-68.709,-0.001810,0.004808,0.001936,-0.645810,-37.002,-0.001851,0.010474,0.000002,0.000000,0.000,0.000000,0.000000,-0.000000,-0.000000,-0.000,0.000000,0.000002,0.000756
1.5500,10.519697,10.519697,1.000415,0.000000,-0.562159,-32.209,-0.002750,0.020544,0.000000,-1.199212,-68.710,-0.001762,0.004620,0.001814,-0.645827,-37.003,-0.001746,0.009949,0.000002,0.000000,0.000,0.000000,0.000000,-0.000000,-0.000000,-0.000,0.000000,0.000002,0.000778
1.5600,10.519714,10.519714,1.000383,0.000000,-0.562184,-32.211,-0.002544,0.019434,0.000000,-1.199229,-68.711,-0.001716,0.004444,0.001671,-0.645844,-37.004,-0.001647,0.009447,0.000002,0.000000,0.000,0.000000,0.000000,-0.000000,-0.000000,-0.000,0.000000,0.000002,0.000790
1.5700,10.519730,10.519730,1.000353,0.000000,-0.562208,-32.212,-0.002350,0.018374,0.000000,-1.199246,-68.712,-0.001671,0.004280,0.001509,-0.645859,-37.005,-0.001553,0.008969,0.000002,0.000000,0.000,0.000000,0.000000,-0.000000,-0.000000,-0.000,0.000000,0.000002,0.000795
1.5800,10.519747,10.519747,1.000324,0.000000,-0.562230,-32.213,-0.002166,0.017363,0.000000,-1.199262,-68.713,-0.001628,0.004127,0.001329,-0.645874,-37.006,-0.001463,0.008513,0.000002,0.000000,0.000,0.000000,0.000000,-0.000000,-0.000000,-0.000,0.000000,0.000002,0.000791
1.5900,10.519763,10.519763,1.000296,0.000000,-0.562249,-32.215,-0.001993,0.016397,0.000000,-1.199278,-68.714,-0.001587,0.003983,0.001134,-0.645888,-37.007,-0.001378,0.008079,0.000002,0.000000,0.000,0.000000,0.000000,-0.000000,-0.000000,-0.000,0.000000,0.000002,0.000779
1.6000,10.519780,10.519780,1.000269,0.000000,-0.562268,-32.216,-0.001829,0.015475,-0.000000,-1.199294,-68.714,-0.001547,0.003849,0.000925,-0.645901,-37.007,-0.001297,0.007664,0.000002,0.000000,0.000,0.000000,0.000000,-0.000000,-0.000000,-0.000,0.000000,0.000002,0.000759
1.6100,10.519797,10.519797,1.000244,0.000000,-0.562285,-32.217,-0.001674,0.014595,0.000000,-1.199309,-68.715,-0.001509,0.003724,0.000706,-0.645913,-37.008,-0.001220,0.007269,0.000002,0.000000,0.000,0.000000,0.000000,-0.000000,-0.000000,-0.000,0.000000,0.000001,0.000731
1.6200,10.519814,10.519814,1.000219,0.000000,-0.562300,-32.217,-0.001528,0.013755,-0.000000,-1.199323,-68.716,-0.001471,0.003607,0.000478,-0.645924,-37.009,-0.001148,0.006893,0.000001,0.000000,0.000,0.000000,0.000000,-0.000000,-0.000000,-0.000,0.000000,0.000001,0.000695
1.6300,10.519831,10.519831,1.000196,0.000000,-0.562314,-32.218,-0.001390,0.012954,-0.000000,-1.199338,-68.717,-0.001435,0.003497,0.000244,-0.645935,-37.009,-0.001079,0.006534,0.000001,0.000000,0.000,0.000000,0.000000,-0.000000,-0.000000,-0.000,0.000000,0.000001,0.000652
1.6400,10.519848,10.519848,1.000173,0.000000,-0.562326,-32.219,-0.001261,0.012189,0.000000,-1.199352,-68.718,-0.001400,0.003395,0.000007,-0.645945,-37.010,-0.001013,0.006191,0.000001,0.000000,0.000,0.000000,0.000000,-0.000000,-0.000000,-0.000,0.000000,0.000001,0.000602
1.6500,10.519865,10.519865,1.000152,0.000000,-0.562338,-32.220,-0.001139,0.011459,-0.000000,-1.199365,-68.719,-0.001366,0.003300,-0.000230,-0.645955,-37.010,-0.000951,0.005865,0.000001,0.000000,0.000,0.000000,0.000000,-0.000000,-0.000000,-0.000,0.000000,0.000001,0.000546
1.6600,10.519882,10.519882,1.000132,0.000000,-0.562348,-32.220,-0.001024,0.010763,0.000000,-1.199379,-68.719,-0.001333,0.003210,-0.000466,-0.645964,-37.011,-0.000893,0.005554,0.000001,0.000000,0.000,0.000000,0.000000,-0.000000,-0.000000,-0.000,0.000000,0.000001,0.000484
1.6700,10.519900,10.519900,1.000113,0.000000,-0.562357,-32.221,-0.000917,0.010099,0.000000,-1.199392,-68.720,-0.001301,0.003127,-0.000696,-0.645972,-37.011,-0.000837,0.005257,0.000000,0.000000,0.000,0.000000,0.000000,-0.000000,-0.000000,-0.000,0.000000,0.000001,0.000418
1.6800,10.519917,10.519917,1.000094,0.000000,-0.562365,-32.221,-0.000816,0.009466,-0.000000,-1.199404,-68.721,-0.001270,0.003049,-0.000920,-0.645980,-37.012,-0.000785,0.004975,0.000000,0.000000,0.000,0.000000,0.000000,-0.000000,-0.000000,-0.000,0.000000,0.000001,0.000347
1.6900,10.519935,10.519935,1.000077,0.000000,-0.562372,-32.222,-0.000721,0.008862,0.000000,-1.199417,-68.722,-0.001240,0.002976,-0.001134,-0.645987,-37.012,-0.000735,0.004705,0.000000,0.000000,0.000,0.000000,-0.000000,-0.000000,-0.000000,-0.000,0.000000,0.000001,0.000273
1.7000,10.519953,10.519953,1.000060,0.000000,-0.562379,-32.222,-0.000632,0.008287,0.000000,-1.199429,-68.722,-0.001210,0.002908,-0.001335,-0.645994,-37.013,-0.000688,0.004449,-0.000000,0.000000,0.000,0.000000,-0.000000,-0.000000,-0.000000,-0.000,0.000000,0.000000,0.000197
1.7100,10.519971,10.519971,1.000045,0.000000,-0.562384,-32.222,-0.000550,0.007739,0.000000,-1.199441,-68.723,-0.001181,0.002843,-0.001522,-0.646000,-37.013,-0.000643,0.004204,-0.000000,0.000000,0.000,0.000000,-0.000000,-0.000000,-0.000000,-0.000,0.000000,0.000000,0.000118
1.7200,10.519989,10.519989,1.000030,0.000000,-0.562389,-32.223,-0.000472,0.007216,0.000000,-1.199452,-68.724,-0.001152,0.002783,-0.001693,-0.646006,-37.013,-0.000601,0.003971,-0.000001,0.000000,0.000,0.000000,-0.000000,-0.000000,-0.000000,-0.000,0.000000,0.000000,0.000039
1.7300,10.520007,10.520007,1.000016,0.000000,-0.562393,-32.223,-0.000400,0.006718,0.000000,-1.199463,-68.724,-0.001124,0.002727,-0.001845,-0.646012,-37.014,-0.000562,0.003749,-0.000001,0.000000,0.000,0.000000,-0.000000,-0.000000,-0.000000,-0.000,0.000000,0.000000,-0.000040
1.7400,10.520025,10.520025,1.000003,0.000000,-0.562396,-32.223,-0.000333,0.006244,-0.000000,-1.199474,-68.725,-0.001097,0.002674,-0.001976,-0.646017,-37.014,-0.000524,0.003537,-0.000001,0.000000,0.000,0.000000,-0.000000,-0.000000,-0.000000,-0.000,0.000000,0.000000,-0.000118
1.7500,10.520043,10.520043,0.999991,0.000000,-0.562399,-32.223,-0.000270,0.005793,0.000000,-1.199485,-68.725,-0.001070,0.002624,-0.002086,-0.646022,-37.014,-0.000489,0.003336,-0.000001,0.000000,0.000,0.000000,-0.000000,-0.000000,-0.000000,-0.000,0.000000,0.000000,-0.000195
1.7600,10.520062,10.520062,0.999979,0.000000,-0.562401,-32.223,-0.000212,0.005364,0.000000,-1.199496,-68.726,-0.001044,0.002577,-0.002174,-0.646027,-37.015,-0.000455,0.003144,-0.000002,0.000000,0.000,0.000000,-0.000000,-0.000000,-0.000000,-0.000,0.000000,0.000000,-0.000269
1.7700,10.520080,10.520080,0.999968,0.000000,-0.562403,-32.223,-0.000159,0.004956,-0.000000,-1.199506,-68.727,-0.001018,0.002532,-0.002237,-0.646031,-37.015,-0.000424,0.002962,-0.000002,0.000000,0.000,0.000000,-0.000000,-0.000000,-0.000000,-0.000,0.000000,0.000000,-0.000339
1.7800,10.520099,10.520099,0.999958,0.000000,-0.562404,-32.223,-0.000109,0.004568,0.000000,-1.199516,-68.727,-0.000993,0.002490,-0.002275,-0.646035,-37.015,-0.000394,0.002788,-0.000002,0.000000,0.000,0.000000,-0.000000,-0.000000,-0.000000,-0.000,0.000000,-0.000000,-0.000405
1.7900,10.520118,10.520118,0.999949,0.000000,-0.562404,-32.223,-0.000064,0.004199,0.000000,-1.199525,-68.728,-0.000968,0.002450,-0.002288,-0.646039,-37.015,-0.000366,0.002623,-0.000003,0.000000,0.000,0.000000,-0.000000,-0.000000,-0.000000,-0.000,0.000000,-0.000000,-0.000466
1.8000,10.520136,10.520136,0.999940,0.000000,-0.562405,-32.223,-0.000022,0.003850,0.000000,-1.199535,-68.728,-0.000944,0.002411,-0.002276,-0.646042,-37.015,-0.000340,0.002466,-0.000003,0.000000,0.000,0.000000,-0.000000,-0.000000,-0.000000,-0.000,0.000000,-0.000000,-0.000522
1.8100,10.520155,10.520155,0.999932,0.000000,-0.562405,-32.223,0.000017,0.003518,0.000000,-1.199544,-68.729,-0.000920,0.002374,-0.002239,-0.646045,-37.016,-0.000316,0.002316,-0.000003,0.000000,0.000,0.000000,-0.000000,-0.000000,-0.000000,-0.000,0.000000,-0.000000,-0.000571
1.8200,10.520174,10.520174,0.999925,0.000000,-0.562404,-32.223,0.000052,0.003203,0.000000,-1.199553,-68.729,-0.000896,0.002339,-0.002177,-0.646048,-37.016,-0.000292,0.002174,-0.000003,0.000000,0.000,0.000000,-0.000000,-0.000000,-0.000000,-0.000,0.000000,-0.000000,-0.000613
1.8300,10.520194,10.520194,0.999918,0.000000,-0.562403,-32.223,0.000084,0.002906,0.000000,-1.199562,-68.730,-0.000873,0.002304,-0.002091,-0.646051,-37.016,-0.000271,0.002039,-0.000004,0.000000,0.000,0.000000,-0.000000,-0.000000,-0.000000,-0.000,0.000000,-0.000000,-0.000649
1.8400,10.520213,10.520213,0.999912,0.000000,-0.562402,-32.223,0.000113,0.002624,-0.000000,-1.199570,-68.730,-0.000849,0.002271,-0.001981,-0.646053,-37.016,-0.000250,0.001911,-0.000004,0.000000,0.000,0.000000,-0.000000,-0.000000,-0.000000,-0.000,0.000000,-0.000000,-0.000676
1.8500,10.520232,10.520232,0.999906,0.000000,-0.562401,-32.223,0.000139,0.002358,0.000000,-1.199578,-68.731,-0.000827,0.002239,-0.001850,-0.646056,-37.016,-0.000231,0.001790,-0.000004,0.000000,0.000,0.000000,-0.000000,-0.000000,-0.000000,-0.000,0.000000,-0.000000,-0.000696
1.8600,10.520252,10.520252,0.999901,0.000000,-0.562399,-32.223,0.000163,0.002107,0.000000,-1.199587,-68.731,-0.000804,0.002207,-0.001698,-0.646058,-37.016,-0.000213,0.001674,-0.000004,0.000000,0.000,0.000000,-0.000000,-0.000000,-0.000000,-0.000,0.000000,-0.000000,-0.000707
1.8700,10.520271,10.520271,0.999897,0.000000,-0.562397,-32.223,0.000184,0.001870,0.000000,-1.199594,-68.732,-0.000782,0.002176,-0.001527,-0.646060,-37.016,-0.000197,0.001565,-0.000004,0.000000,0.000,0.000000,-0.000000,-0.000000,-0.000000,-0.000,0.000000,-0.000000,-0.000710
1.8800,10.520291,10.520291,0.999893,0.000000,-0.562395,-32.223,0.000203,0.001646,0.000000,-1.199602,-68.732,-0.000761,0.002145,-0.001339,-0.646062,-37.017,-0.000181,0.001461,-0.000005,0.000000,0.000,0.000000,-0.000000,-0.000000,-0.000000,-0.000,0.000000,-0.000000,-0.000704
1.8900,10.520311,10.520311,0.999889,0.000000,-0.562393,-32.223,0.000219,0.001437,0.000000,-1.199609,-68.733,-0.000739,0.002114,-0.001135,-0.646063,-37.017,-0.000166,0.001363,-0.000005,0.000000,0.000,-0.000000,-0.000000,-0.000000,-0.000000,-0.000,0.000000,-0.000000,-0.000691
1.9000,10.520331,10.520331,0.999886,0.000000,-0.562391,-32.223,0.000234,0.001240,0.000000,-1.199617,-68.733,-0.000718,0.002084,-0.000919,-0.646065,-37.017,-0.000153,0.001270,-0.000005,0.000000,0.000,-0.000000,-0.000000,-0.000000,-0.000000,-0.000,0.000000,-0.000000,-0.000669
1.9100,10.520351,10.520351,0.999883,0.000000,-0.562388,-32.222,0.000246,0.001055,0.000000,-1.199623,-68.733,-0.000697,0.002053,-0.000693,-0.646066,-37.017,-0.000140,0.001182,-0.000005,0.000000,0.000,-0.000000,-0.000000,-0.000000,-0.000000,-0.000,0.000000,-0.000000,-0.000639
1.9200,10.520371,10.520371,0.999881,0.000000,-0.562386,-32.222,0.000257,0.000882,0.000000,-1.199630,-68.734,-0.000677,0.002023,-0.000459,-0.646067,-37.017,-0.000128,0.001099,-0.000005,0.000000,0.000,-0.000000,-0.000000,-0.000000,-0.000000,-0.000,0.000000,-0.000000,-0.000602
1.9300,10.520391,10.520391,0.999879,0.000000,-0.562383,-32.222,0.000265,0.000721,0.000000,-1.199637,-68.734,-0.000656,0.001993,-0.000219,-0.646069,-37.017,-0.000117,0.001020,-0.000005,0.000000,0.000,-0.000000,-0.000000,-0.000000,-0.000000,-0.000,0.000000,-0.000000,-0.000557
1.9400,10.520411,10.520411,0.999878,0.000000,-0.562380,-32.222,0.000273,0.000570,0.000000,-1.199643,-68.734,-0.000636,0.001962,0.000023,-0.646070,-37.017,-0.000107,0.000946,-0.000005,0.000000,0.000,-0.000000,-0.000000,-0.000000,-0.000000,-0.000,0.000000,-0.000001,-0.000506
1.9500,10.520432,10.520432,0.999876,0.000000,-0.562377,-32.222,0.000278,0.000430,-0.000000,-1.199649,-68.735,-0.000617,0.001931,0.000266,-0.646071,-37.017,-0.000097,0.000876,-0.000005,0.000000,0.000,-0.000000,-0.000000,-0.000000,-0.000000,-0.000,0.000000,-0.000001,-0.000449
1.9600,10.520452,10.520452,0.999876,0.000000,-0.562375,-32.222,0.000283,0.000300,-0.000000,-1.199655,-68.735,-0.000597,0.001900,0.000505,-0.646072,-37.017,-0.000089,0.000810,-0.000005,0.000000,0.000,-0.000000,-0.000000,-0.000000,-0.000000,-0.000,0.000000,-0.000001,-0.000386
1.9700,10.520473,10.520473,0.999875,0.000000,-0.562372,-32.222,0.000286,0.000179,0.000000,-1.199661,-68.736,-0.000578,0.001869,0.000740,-0.646072,-37.017,-0.000081,0.000748,-0.000005,0.000000,0.000,-0.000000,-0.000000,-0.000000,-0.000000,-0.000,0.000000,-0.000001,-0.000318
1.9800,10.520493,10.520493,0.999875,0.000000,-0.562369,-32.221,0.000287,0.000068,0.000000,-1.199667,-68.736,-0.000560,0.001837,0.000966,-0.646073,-37.017,-0.000073,0.000689,-0.000005,0.000000,0.000,-0.000000,-0.000000,-0.000000,-0.000000,-0.000,0.000000,-0.000001,-0.000247
1.9900,10.520514,10.520514,0.999875,0.000000,-0.562366,-32.221,0.000288,-0.000034,0.000000,-1.199672,-68.736,-0.000541,0.001805,0.001182,-0.646074,-37.017,-0.000066,0.000635,-0.000005,0.000000,0.000,-0.000000,-0.000000,-0.000000,-0.000000,-0.000,0.000000,-0.000001,-0.000172
2.0000,10.520535,10.520535,0.999876,0.000000,-0.562363,-32.221,0.000288,-0.000129,-0.000000,-1.199677,-68.736,-0.000523,0.001773,0.001385,-0.646074,-37.017,-0.000060,0.000583,-0.000005,0.000000,0.000,-0.000000,-0.000000,-0.000000,-0.000000,-0.000,0.000000,-0.000001,-0.000094
2.0100,10.520556,10.520556,0.999876,0.000000,-0.562360,-32.221,0.000286,-0.000215,0.000000,-1.199682,-68.737,-0.000506,0.001741,0.001573,-0.646075,-37.017,-0.000054,0.000535,-0.000005,0.000000,0.000,-0.000000,-0.000000,-0.000000,-0.000000,-0.000,0.000000,-0.000001,-0.000015
2.0200,10.520577,10.520577,0.999877,0.000000,-0.562357,-32.221,0.000284,-0.000294,0.000000,-1.199687,-68.737,-0.000488,0.001708,0.001744,-0.646075,-37.017,-0.000049,0.000489,-0.000005,0.000000,0.000,-0.000000,-0.000000,-0.000000,-0.000000,-0.000,0.000000,-0.000001,0.000064
2.0300,10.520599,10.520599,0.999878,0.000000,-0.562355,-32.221,0.000281,-0.000366,0.000000,-1.199692,-68.737,-0.000471,0.001675,0.001896,-0.646076,-37.017,-0.000044,0.000447,-0.000005,0.000000,0.000,-0.000000,-0.000000,-0.000000,-0.000000,-0.000,0.000000,-0.000001,0.000144
2.0400,10.520620,10.520620,0.999880,0.000000,-0.562352,-32.220,0.000278,-0.000430,0.000000,-1.199697,-68.738,-0.000454,0.001642,0.002027,-0.646076,-37.017,-0.000039,0.000407,-0.000004,0.000000,0.000,-0.000000,-0.000000,-0.000000,-0.000000,-0.000,0.000000,-0.000001,0.000223
2.0500,10.520641,10.520641,0.999881,0.000000,-0.562349,-32.220,0.000273,-0.000489,0.000000,-1.199701,-68.738,-0.000438,0.001608,0.002136,-0.646077,-37.017,-0.000035,0.000370,-0.000004,0.000000,0.000,-0.000000,-0.000000,-0.000000,-0.000000,-0.000,0.000000,-0.000001,0.000299
2.0600,10.520663,10.520663,0.999883,0.000000,-0.562346,-32.220,0.000268,-0.000542,0.000000,-1.199705,-68.738,-0.000422,0.001575,0.002221,-0.646077,-37.017,-0.000032,0.000335,-0.000004,0.000000,0.000,-0.000000,-0.000000,-0.000000,-0.000000,-0.000,0.000000,-0.000001,0.000373
2.0700,10.520685,10.520685,0.999885,0.000000,-0.562344,-32.220,0.000263,-0.000589,-0.000000,-1.199709,-68.738,-0.000406,0.001541,0.002282,-0.646077,-37.017,-0.000028,0.000303,-0.000003,0.000000,0.000,-0.000000,0.000000,-0.000000,-0.000000,-0.000,0.000000,-0.000001,0.000443
2.0800,10.520706,10.520706,0.999887,0.000000,-0.562341,-32.220,0.000257,-0.000630,0.000000,-1.199713,-68.738,-0.000391,0.001507,0.002318,-0.646077,-37.018,-0.000025,0.000273,-0.000003,0.000000,0.000,-0.000000,0.000000,-0.000000,-0.000000,-0.000,0.000000,-0.000001,0.000509
2.0900,10.520728,10.520728,0.999889,0.000000,-0.562339,-32.220,0.000251,-0.000667,-0.000000,-1.199717,-68.739,-0.000376,0.001474,0.002328,-0.646078,-37.018,-0.000022,0.000245,-0.000003,0.000000,0.000,-0.000000,0.000000,-0.000000,-0.000000,-0.000,0.000000,-0.000001,0.000570
2.1000,10.520750,10.520750,0.999891,0.000000,-0.562336,-32.219,0.000244,-0.000699,0.000000,-1.199720,-68.739,-0.000361,0.001440,0.002312,-0.646078,-37.018,-0.000020,0.000219,-0.000002,0.000000,0.000,-0.000000,0.000000,-0.000000,-0.000000,-0.000,0.000000,-0.000001,0.000625
2.1100,10.520772,10.520772,0.999894,0.000000,-0.562334,-32.219,0.000237,-0.000727,0.000000,-1.199724,-68.739,-0.000347,0.001406,0.002271,-0.646078,-37.018,-0.000018,0.000195,-0.000002,0.000000,0.000,-0.000000,0.000000,-0.000000,-0.000000,-0.000,0.000000,-0.000001,0.000674
2.1200,10.520795,10.520795,0.999896,0.000000,-0.562332,-32.219,0.000230,-0.000751,0.000000,-1.199727,-68.739,-0.000332,0.001372,0.002205,-0.646078,-37.018,-0.000016,0.000172,-0.000002,0.000000,0.000,-0.000000,0.000000,-0.000000,-0.000000,-0.000,0.000000,-0.000001,0.000716
2.1300,10.520817,10.520817,0.999899,0.000000,-0.562329,-32.219,0.000222,-0.000772,-0.000000,-1.199730,-68.739,-0.000319,0.001339,0.002115,-0.646078,-37.018,-0.000014,0.000151,-0.000001,0.000000,0.000,-0.000000,0.000000,-0.000000,-0.000000,-0.000,0.000000,-0.000001,0.000751
2.1400,10.520839,10.520839,0.999902,0.000000,-0.562327,-32.219,0.000215,-0.000788,0.000000,-1.199734,-68.740,-0.000305,0.001306,0.002001,-0.646078,-37.018,-0.000013,0.000132,-0.000001,0.000000,0.000,-0.000000,0.000000,-0.000000,-0.000000,-0.000,0.000000,-0.000000,0.000778
2.1500,10.520862,10.520862,0.999904,0.000000,-0.562325,-32.219,0.000207,-0.000802,0.000000,-1.199736,-68.740,-0.000292,0.001273,0.001865,-0.646079,-37.018,-0.000011,0.000114,-0.000000,0.000000,0.000,-0.000000,0.000000,-0.000000,-0.000000,-0.000,0.000000,-0.000000,0.000797
2.1600,10.520884,10.520884,0.999907,0.000000,-0.562323,-32.219,0.000199,-0.000813,-0.000000,-1.199739,-68.740,-0.000280,0.001240,0.001708,-0.646079,-37.018,-0.000010,0.000098,0.000000,0.000000,0.000,-0.000000,0.000000,-0.000000,-0.000000,-0.000,0.000000,-0.000000,0.000807
2.1700,10.520907,10.520907,0.999910,0.000000,-0.562321,-32.219,0.000191,-0.000821,0.000000,-1.199742,-68.740,-0.000267,0.001207,0.001533,-0.646079,-37.018,-0.000009,0.000083,0.000001,0.000000,0.000,-0.000000,0.000000,-0.000000,-0.000000,-0.000,0.000000,-0.000000,0.000810
2.1800,10.520930,10.520930,0.999913,0.000000,-0.562319,-32.219,0.000182,-0.000826,0.000000,-1.199744,-68.740,-0.000255,0.001175,0.001340,-0.646079,-37.018,-0.000008,0.000069,0.000001,0.000000,0.000,-0.000000,0.000000,-0.000000,-0.000000,-0.000,0.000000,-0.000000,0.000804
2.1900,10.520953,10.520953,0.999917,0.000000,-0.562318,-32.218,0.000174,-0.000829,0.000000,-1.199747,-68.740,-0.000243,0.001142,0.001132,-0.646079,-37.018,-0.000008,0.000056,0.000002,0.000000,0.000,-0.000000,0.000000,-0.000000,-0.000000,-0.000,0.000000,-0.000000,0.000789
2.2000,10.520976,10.520976,0.999920,0.000000,-0.562316,-32.218,0.000166,-0.000830,0.000000,-1.199749,-68.741,-0.000232,0.001111,0.000912,-0.646079,-37.018,-0.000007,0.000045,0.000002,0.000000,0.000,-0.000000,0.000000,-0.000000,-0.000000,-0.000,0.000000,-0.000000,0.000767
2.2100,10.520999,10.520999,0.999923,0.000000,-0.562314,-32.218,0.000158,-0.000828,0.000000,-1.199751,-68.741,-0.000221,0.001079,0.000681,-0.646079,-37.018,-0.000007,0.000034,0.000003,0.000000,0.000,-0.000000,0.000000,-0.000000,-0.000000,-0.000,0.000000,-0.000000,0.000737
2.2200,10.521022,10.521022,0.999926,0.000000,-0.562313,-32.218,0.000149,-0.000825,0.000000,-1.199754,-68.741,-0.000210,0.001048,0.000442,-0.646079,-37.018,-0.000006,0.000024,0.000003,0.000000,0.000,-0.000000,0.000000,-0.000000,-0.000000,-0.000,0.000000,-0.000000,0.000699
2.2300,10.521046,10.521046,0.999929,0.000000,-0.562312,-32.218,0.000141,-0.000819,0.000000,-1.199756,-68.741,-0.000200,0.001017,0.000199,-0.646079,-37.018,-0.000006,0.000016,0.000003,0.000000,0.000,-0.000000,0.000000,-0.000000,-0.000000,-0.000,0.000000,-0.000000,0.000654
2.2400,10.521069,10.521069,0.999933,0.000000,-0.562310,-32.218,0.000133,-0.000812,0.000000,-1.199757,-68.741,-0.000189,0.000986,-0.000047,-0.646079,-37.018,-0.000006,0.000008,0.000004,0.000000,0.000,-0.000000,0.000000,-0.000000,-0.000000,-0.000,0.000000,-0.000000,0.000602
2.2500,10.521093,10.521093,0.999936,0.000000,-0.562309,-32.218,0.000125,-0.000803,-0.000000,-1.199759,-68.741,-0.000180,0.000955,-0.000293,-0.646079,-37.018,-0.000006,0.000001,0.000004,0.000000,0.000,-0.000000,0.000000,-0.000000,-0.000000,-0.000,0.000000,-0.000000,0.000544
2.2600,10.521116,10.521116,0.999939,0.000000,-0.562308,-32.218,0.000117,-0.000792,0.000000,-1.199761,-68.741,-0.000170,0.000924,-0.000536,-0.646079,-37.018,-0.000006,-0.000005,0.000005,0.000000,0.000,-0.000000,0.000000,-0.000000,-0.000000,-0.000,0.000000,-0.000000,0.000481
2.2700,10.521140,10.521140,0.999943,0.000000,-0.562307,-32.218,0.000109,-0.000780,-0.000000,-1.199762,-68.741,-0.000161,0.000893,-0.000774,-0.646079,-37.018,-0.000006,-0.000010,0.000005,0.000000,0.000,-0.000000,0.000000,-0.000000,-0.000000,-0.000,0.000000,-0.000000,0.000414
2.2800,10.521164,10.521164,0.999946,0.000000,-0.562306,-32.218,0.000101,-0.000765,0.000000,-1.199764,-68.741,-0.000152,0.000863,-0.001003,-0.646079,-37.018,-0.000006,-0.000014,0.000005,0.000000,0.000,-0.000000,0.000000,-0.000000,-0.000000,-0.000,0.000000,-0.000000,0.000342
2.2900,10.521188,10.521188,0.999949,0.000000,-0.562305,-32.218,0.000093,-0.000749,-0.000000,-1.199765,-68.741,-0.000143,0.000832,-0.001221,-0.646079,-37.018,-0.000006,-0.000017,0.000006,0.000000,0.000,-0.000000,0.000000,-0.000000,-0.000000,-0.000,0.000000,-0.000000,0.000267
2.3000,10.521212,10.521212,0.999953,0.000000,-0.562304,-32.218,0.000086,-0.000730,0.000000,-1.199767,-68.742,-0.000135,0.000801,-0.001427,-0.646080,-37.018,-0.000006,-0.000020,0.000006,0.000000,0.000,-0.000000,0.000000,-0.000000,-0.000000,-0.000,0.000000,-0.000000,0.000190
2.3100,10.521236,10.521236,0.999956,0.000000,-0.562303,-32.218,0.000079,-0.000710,0.000000,-1.199768,-68.742,-0.000127,0.000769,-0.001616,-0.646080,-37.018,-0.000007,-0.000022,0.000006,0.000000,0.000,-0.000000,0.000000,-0.000000,-0.000000,-0.000,0.000000,-0.000000,0.000111
2.3200,10.521261,10.521261,0.999959,0.000000,-0.562302,-32.218,0.000071,-0.000687,-0.000000,-1.199769,-68.742,-0.000119,0.000737,-0.001789,-0.646080,-37.018,-0.000007,-0.000023,0.000007,0.000000,0.000,0.000000,0.000000,-0.000000,-0.000000,-0.000,0.000000,-0.000000,0.000032
2.3300,10.521285,10.521285,0.999962,0.000000,-0.562302,-32.218,0.000065,-0.000662,0.000000,-1.199770,-68.742,-0.000112,0.000705,-0.001942,-0.646080,-37.018,-0.000007,-0.000023,0.000007,0.000000,0.000,0.000000,0.000000,-0.000000,-0.000000,-0.000,0.000000,-0.000000,-0.000047
2.3400,10.521309,10.521309,0.999966,0.000000,-0.562301,-32.217,0.000058,-0.000635,0.000000,-1.199771,-68.742,-0.000105,0.000672,-0.002074,-0.646080,-37.018,-0.000007,-0.000023,0.000007,0.000000,0.000,0.000000,0.000000,-0.000000,-0.000000,-0.000,0.000000,-0.000000,-0.000125
2.3500,10.521334,10.521334,0.999969,0.000000,-0.562301,-32.217,0.000052,-0.000605,0.000000,-1.199772,-68.742,-0.000098,0.000639,-0.002183,-0.646080,-37.018,-0.000007,-0.000021,0.000007,0.000000,0.000,0.000000,0.000000,-0.000000,-0.000000,-0.000,0.000000,-0.000000,-0.000201
2.3600,10.521359,10.521359,0.999972,0.000000,-0.562300,-32.217,0.000046,-0.000573,0.000000,-1.199773,-68.742,-0.000092,0.000604,-0.002269,-0.646080,-37.018,-0.000008,-0.000019,0.000007,0.000000,0.000,0.000000,0.000000,-0.000000,-0.000000,-0.000,0.000000,-0.000000,-0.000274
2.3700,10.521384,10.521384,0.999975,0.000000,-0.562300,-32.217,0.000040,-0.000537,0.000000,-1.199774,-68.742,-0.000086,0.000569,-0.002330,-0.646080,-37.018,-0.000008,-0.000016,0.000007,0.000000,0.000,0.000000,0.000000,-0.000000,-0.000000,-0.000,0.000000,-0.000000,-0.000343
2.3800,10.521409,10.521409,0.999978,0.000000,-0.562299,-32.217,0.000034,-0.000499,0.000000,-1.199775,-68.742,-0.000080,0.000533,-0.002365,-0.646080,-37.018,-0.000008,-0.000012,0.000007,0.000000,0.000,0.000000,0.000000,-0.000000,-0.000000,-0.000,0.000000,-0.000000,-0.000408
2.3900,10.521434,10.521434,0.999981,0.000000,-0.562299,-32.217,0.000029,-0.000458,-0.000000,-1.199776,-68.742,-0.000075,0.000495,-0.002375,-0.646080,-37.018,-0.000008,-0.000007,0.000007,0.000000,0.000,0.000000,0.000000,-0.000000,-0.000000,-0.000,0.000000,-0.000000,-0.000467
2.4000,10.521459,10.521459,0.999984,0.000000,-0.562299,-32.217,0.000025,-0.000413,0.000000,-1.199776,-68.742,-0.000070,0.000456,-0.002359,-0.646080,-37.018,-0.000008,-0.000001,0.000007,0.000000,0.000,0.000000,0.000000,-0.000000,-0.000000,-0.000,-0.000000,-0.000000,-0.000521
2.4100,10.521484,10.521484,0.999987,0.000000,-0.562299,-32.217,0.000021,-0.000365,0.000000,-1.199777,-68.742,-0.000065,0.000416,-0.002317,-0.646080,-37.018,-0.000008,0.000005,0.000007,0.000000,0.000,0.000000,0.000000,-0.000000,-0.000000,-0.000,-0.000000,-0.000000,-0.000569
2.4200,10.521509,10.521509,0.999989,0.000000,-0.562299,-32.217,0.000017,-0.000313,-0.000000,-1.199778,-68.742,-0.000061,0.000374,-0.002250,-0.646080,-37.018,-0.000008,0.000013,0.000007,0.000000,0.000,0.000000,0.000000,-0.000000,-0.000000,-0.000,-0.000000,-0.000000,-0.000609
2.4300,10.521535,10.521535,0.999992,0.000000,-0.562298,-32.217,0.000014,-0.000257,0.000000,-1.199778,-68.742,-0.000057,0.000331,-0.002159,-0.646081,-37.018,-0.000008,0.000021,0.000006,0.000000,0.000,0.000000,0.000000,-0.000000,-0.000000,-0.000,-0.000000,-0.000000,-0.000642
2.4400,10.521560,10.521560,0.999994,0.000000,-0.562298,-32.217,0.000011,-0.000198,0.000000,-1.199779,-68.742,-0.000054,0.000286,-0.002044,-0.646081,-37.018,-0.000008,0.000031,0.000006,0.000000,0.000,0.000000,0.000000,-0.000000,-0.000000,-0.000,-0.000000,-0.000000,-0.000667
2.4500,10.521586,10.521586,0.999997,0.000000,-0.562298,-32.217,0.000009,-0.000134,-0.000000,-1.199779,-68.742,-0.000051,0.000239,-0.001906,-0.646081,-37.018,-0.000007,0.000041,0.000006,0.000000,0.000,0.000000,0.000000,-0.000000,-0.000000,-0.000,-0.000000,-0.000000,-0.000685
2.4600,10.521612,10.521612,0.999999,0.000000,-0.562298,-32.217,0.000008,-0.000066,-0.000000,-1.199780,-68.742,-0.000049,0.000191,-0.001748,-0.646081,-37.018,-0.000007,0.000052,0.000005,0.000000,0.000,0.000000,0.000000,-0.000000,-0.000000,-0.000,-0.000000,-0.000000,-0.000694
2.4700,10.521638,10.521638,1.000001,0.000000,-0.562298,-32.217,0.000007,0.000006,0.000000,-1.199780,-68.742,-0.000047,0.000140,-0.001571,-0.646081,-37.018,-0.000007,0.000064,0.000005,0.000000,0.000,0.000000,0.000000,-0.000000,-0.000000,-0.000,-0.000000,-0.000000,-0.000694
2.4800,10.521664,10.521664,1.000003,0.000000,-0.562298,-32.217,0.000008,0.000083,0.000000,-1.199781,-68.742,-0.000045,0.000088,-0.001377,-0.646081,-37.018,-0.000006,0.000078,0.000005,0.000000,0.000,0.000000,0.000000,-0.000000,-0.000000,-0.000,-0.000000,-0.000000,-0.000687
2.4900,10.521690,10.521690,1.000005,0.000000,-0.562298,-32.217,0.000008,0.000164,0.000000,-1.199781,-68.742,-0.000044,0.000034,-0.001167,-0.646081,-37.018,-0.000005,0.000092,0.000004,0.000000,0.000,0.000000,0.000000,-0.000000,-0.000000,-0.000,-0.000000,-0.000000,-0.000671
2.5000,10.521716,10.521716,1.000006,0.000000,-0.562298,-32.217,0.000010,0.000250,0.000000,-1.199782,-68.742,-0.000044,-0.000023,-0.000945,-0.646081,-37.018,-0.000004,0.000107,0.000004,0.000000,0.000,0.000000,0.000000,-0.000000,-0.000000,-0.000,-0.000000,0.000000,-0.000647
2.5100,10.521742,10.521742,1.000008,0.000000,-0.562298,-32.217,0.000012,0.000340,0.000000,-1.199782,-68.742,-0.000044,-0.000081,-0.000713,-0.646081,-37.018,-0.000003,0.000122,0.000003,0.000000,0.000,0.000000,0.000000,-0.000000,-0.000000,-0.000,-0.000000,0.000000,-0.000615
2.5200,10.521769,10.521769,1.000009,0.000000,-0.562297,-32.217,0.000016,0.000436,-0.000000,-1.199782,-68.742,-0.000045,-0.000141,-0.000473,-0.646081,-37.018,-0.000002,0.000139,0.000003,0.000000,0.000,0.000000,0.000000,-0.000000,-0.000000,-0.000,-0.000000,0.000000,-0.000575
2.5300,10.521795,10.521795,1.000010,0.000000,-0.562297,-32.217,0.000020,0.000535,-0.000000,-1.199783,-68.742,-0.000047,-0.000203,-0.000228,-0.646081,-37.018,-0.000001,0.000157,0.000002,0.000000,0.000,0.000000,0.000000,-0.000000,-0.000000,-0.000,-0.000000,0.000000,-0.000529
2.5400,10.521822,10.521822,1.000011,0.000000,-0.562297,-32.217,0.000026,0.000640,0.000000,-1.199783,-68.743,-0.000049,-0.000267,0.000019,-0.646081,-37.018,0.000001,0.000175,0.000001,0.000000,0.000,0.000000,0.000000,-0.000000,-0.000000,-0.000,-0.000000,0.000000,-0.000476
2.5500,10.521848,10.521849,1.000011,0.000000,-0.562297,-32.217,0.000032,0.000749,0.000000,-1.199784,-68.743,-0.000051,-0.000333,0.000266,-0.646081,-37.018,0.000003,0.000194,0.000001,0.000000,0.000,0.000000,0.000000,-0.000000,-0.000000,-0.000,-0.000000,0.000000,-0.000417
2.5600,10.521875,10.521875,1.000011,0.000000,-0.562296,-32.217,0.000039,0.000862,0.000000,-1.199784,-68.743,-0.000055,-0.000400,0.000511,-0.646081,-37.018,0.000005,0.000214,0.000000,0.000000,0.000,0.000000,0.000000,-0.000000,-0.000000,-0.000,-0.000000,0.000000,-0.000353
2.5700,10.521902,10.521902,1.000011,0.000000,-0.562296,-32.217,0.000048,0.000980,0.000000,-1.199785,-68.743,-0.000059,-0.000469,0.000749,-0.646081,-37.018,0.000007,0.000234,-0.000001,0.000000,0.000,0.000000,0.000000,-0.000000,-0.000000,-0.000,-0.000000,0.000000,-0.000284
2.5800,10.521929,10.521929,1.000011,0.000000,-0.562295,-32.217,0.000058,0.001102,0.000000,-1.199786,-68.743,-0.000063,-0.000540,0.000979,-0.646081,-37.018,0.000009,0.000255,-0.000001,0.000000,0.000,0.000000,0.000000,-0.000000,-0.000000,-0.000,-0.000000,0.000000,-0.000211
2.5900,10.521956,10.521956,1.000011,0.000000,-0.562295,-32.217,0.000069,0.001228,0.000000,-1.199786,-68.743,-0.000069,-0.000613,0.001198,-0.646081,-37.018,0.000012,0.000277,-0.000002,0.000000,0.000,0.000000,0.000000,-0.000000,-0.000000,-0.000,0.000000,0.000000,-0.000135
2.6000,10.521984,10.521984,1.000010,0.000000,-0.562294,-32.217,0.000081,0.001358,0.000000,-1.199787,-68.743,-0.000075,-0.000687,0.001405,-0.646081,-37.018,0.000015,0.000299,-0.000002,0.000000,0.000,0.000000,0.000000,-0.000000,-0.000000,-0.000,0.000000,0.000000,-0.000057
2.6100,10.522011,10.522011,1.000009,0.000000,-0.562293,-32.217,0.000095,0.001491,0.000000,-1.199788,-68.743,-0.000082,-0.000762,0.001595,-0.646080,-37.018,0.000018,0.000322,-0.000003,0.000000,0.000,0.000000,0.000000,-0.000000,-0.000000,-0.000,0.000000,0.000000,0.000022
2.6200,10.522038,10.522038,1.000007,0.000000,-0.562292,-32.217,0.000110,0.001627,0.000000,-1.199789,-68.743,-0.000089,-0.000839,0.001768,-0.646080,-37.018,0.000021,0.000346,-0.000004,0.000000,0.000,0.000000,0.000000,-0.000000,-0.000000,-0.000,0.000000,0.000001,0.000102
2.6300,10.522066,10.522066,1.000006,0.000000,-0.562290,-32.217,0.000126,0.001767,-0.000000,-1.199790,-68.743,-0.000098,-0.000917,0.001922,-0.646080,-37.018,0.000024,0.000370,-0.000004,0.000000,0.000,0.000000,0.000000,-0.000000,-0.000000,-0.000,0.000000,0.000001,0.000181
2.6400,10.522094,10.522094,1.000004,-0.000000,-0.562289,-32.217,0.000144,0.001909,0.000000,-1.199791,-68.743,-0.000107,-0.000996,0.002055,-0.646080,-37.018,0.000028,0.000394,-0.000005,0.000000,0.000,0.000000,0.000000,-0.000000,-0.000000,-0.000,0.000000,0.000001,0.000259
2.6500,10.522121,10.522121,1.000001,-0.000000,-0.562287,-32.217,0.000163,0.002053,-0.000000,-1.199792,-68.743,-0.000117,-0.001077,0.002165,-0.646079,-37.018,0.000032,0.000419,-0.000005,0.000000,0.000,0.000000,0.000000,-0.000000,-0.000000,-0.000,0.000000,0.000001,0.000335
2.6600,10.522149,10.522149,0.999999,-0.000000,-0.562286,-32.217,0.000183,0.002199,0.000000,-1.199793,-68.743,-0.000128,-0.001160,0.002251,-0.646079,-37.018,0.000036,0.000446,-0.000006,0.000000,0.000,0.000000,0.000000,-0.000000,-0.000000,-0.000,0.000000,0.000001,0.000408
2.6700,10.522177,10.522177,0.999996,-0.000000,-0.562283,-32.216,0.000205,0.002346,0.000000,-1.199795,-68.743,-0.000139,-0.001244,0.002313,-0.646079,-37.018,0.000040,0.000473,-0.000007,0.000000,0.000,0.000000,0.000000,-0.000000,-0.000000,-0.000,0.000000,0.000001,0.000477
2.6800,10.522205,10.522205,0.999993,-0.000000,-0.562281,-32.216,0.000229,0.002495,0.000000,-1.199796,-68.743,-0.000152,-0.001330,0.002349,-0.646078,-37.018,0.000045,0.000501,-0.000007,0.000000,0.000,0.000000,-0.000000,-0.000000,-0.000000,-0.000,0.000000,0.000001,0.000542
2.6900,10.522234,10.522234,0.999990,-0.000000,-0.562279,-32.216,0.000254,0.002644,0.000000,-1.199798,-68.743,-0.000165,-0.001419,0.002360,-0.646078,-37.018,0.000050,0.000531,-0.000007,0.000000,0.000,0.000000,-0.000000,-0.000000,-0.000000,-0.000,0.000000,0.000001,0.000601
2.7000,10.522262,10.522262,0.999986,-0.000000,-0.562276,-32.216,0.000280,0.002793,0.000000,-1.199800,-68.743,-0.000179,-0.001511,0.002345,-0.646077,-37.017,0.000056,0.000562,-0.000008,0.000000,0.000,0.000000,-0.000000,-0.000000,-0.000000,-0.000,0.000000,0.000001,0.000655
2.7100,10.522290,10.522290,0.999983,-0.000000,-0.562273,-32.216,0.000308,0.002942,-0.000000,-1.199802,-68.744,-0.000194,-0.001607,0.002305,-0.646076,-37.017,0.000061,0.000596,-0.000008,0.000000,0.000,0.000000,-0.000000,-0.000000,-0.000000,-0.000,0.000000,0.000001,0.000702
2.7200,10.522319,10.522319,0.999979,-0.000000,-0.562269,-32.216,0.000337,0.003090,0.000000,-1.199804,-68.744,-0.000210,-0.001708,0.002239,-0.646076,-37.017,0.000067,0.000633,-0.000008,0.000000,0.000,0.000000,-0.000000,-0.000000,-0.000000,-0.000,0.000000,0.000001,0.000742
2.7300,10.522347,10.522347,0.999975,-0.000000,-0.562266,-32.215,0.000368,0.003237,0.000000,-1.199806,-68.744,-0.000227,-0.001815,0.002149,-0.646075,-37.017,0.000073,0.000674,-0.000009,0.000000,0.000,0.000000,-0.000000,-0.000000,-0.000000,-0.000,0.000000,0.000001,0.000774
2.7400,10.522376,10.522376,0.999972,-0.000000,-0.562262,-32.215,0.000401,0.003382,0.000000,-1.199808,-68.744,-0.000246,-0.001930,0.002035,-0.646074,-37.017,0.000080,0.000720,-0.000009,0.000000,0.000,0.000000,-0.000000,-0.000000,-0.000000,-0.000,0.000000,0.000001,0.000799
2.7500,10.522405,10.522405,0.999968,-0.000000,-0.562257,-32.215,0.000435,0.003526,-0.000000,-1.199811,-68.744,-0.000265,-0.002054,0.001900,-0.646073,-37.017,0.000087,0.000771,-0.000009,0.000000,0.000,0.000000,-0.000000,-0.000000,-0.000000,-0.000,0.000000,0.000001,0.000815
2.7600,10.522434,10.522434,0.999965,-0.000000,-0.562253,-32.215,0.000470,0.003667,0.000000,-1.199814,-68.744,-0.000285,-0.002191,0.001743,-0.646072,-37.017,0.000095,0.000830,-0.000009,0.000000,0.000,0.000000,-0.000000,-0.000000,-0.000000,-0.000,0.000000,0.000002,0.000824
2.7700,10.522463,10.522463,0.999962,-0.000000,-0.562248,-32.214,0.000506,0.003805,0.000000,-1.199817,-68.744,-0.000307,-0.002342,0.001568,-0.646071,-37.017,0.000103,0.000897,-0.000009,0.000000,0.000,0.000000,-0.000000,-0.000000,-0.000000,-0.000,0.000000,0.000002,0.000824
2.7800,10.522492,10.522492,0.999960,-0.000000,-0.562242,-32.214,0.000544,0.003940,0.000000,-1.199820,-68.745,-0.000331,-0.002511,0.001376,-0.646070,-37.017,0.000112,0.000975,-0.000009,0.000000,0.000,0.000000,-0.000000,-0.000000,-0.000000,-0.000,0.000000,0.000002,0.000815
2.7900,10.522521,10.522521,0.999959,-0.000000,-0.562236,-32.214,0.000584,0.004071,-0.000000,-1.199824,-68.745,-0.000356,-0.002702,0.001169,-0.646069,-37.017,0.000122,0.001066,-0.000009,0.000000,0.000,0.000000,-0.000000,-0.000000,-0.000000,-0.000,0.000000,0.000002,0.000799
2.8000,10.522551,10.522551,0.999959,-0.000000,-0.562230,-32.213,0.000625,0.004197,0.000000,-1.199828,-68.745,-0.000383,-0.002919,0.000950,-0.646068,-37.017,0.000133,0.001171,-0.000009,0.000000,0.000,0.000000,-0.000000,-0.000000,-0.000000,-0.000,0.000000,0.000002,0.000774
2.8100,10.522580,10.522580,0.999961,-0.000000,-0.562223,-32.213,0.000667,0.004317,-0.000000,-1.199832,-68.745,-0.000412,-0.003166,0.000720,-0.646066,-37.017,0.000145,0.001292,-0.000009,0.000000,0.000,0.000000,-0.000000,-0.000000,-0.000000,-0.000,0.000000,0.000002,0.000741
2.8200,10.522610,10.522610,0.999964,-0.000000,-0.562216,-32.213,0.000710,0.004429,0.000000,-1.199836,-68.746,-0.000444,-0.003448,0.000483,-0.646065,-37.017,0.000157,0.001433,-0.000009,0.000000,0.000,0.000000,-0.000000,-0.000000,-0.000000,-0.000,0.000000,0.000002,0.000701
2.8300,10.522639,10.522639,0.999970,-0.000000,-0.562209,-32.212,0.000754,0.004532,-0.000000,-1.199841,-68.746,-0.000478,-0.003768,0.000241,-0.646063,-37.017,0.000172,0.001594,-0.000008,0.000000,0.000,0.000000,-0.000000,-0.000000,-0.000000,-0.000,0.000000,0.000003,0.000655
2.8400,10.522669,10.522669,0.999978,-0.000000,-0.562201,-32.212,0.000799,0.004623,-0.000000,-1.199846,-68.746,-0.000516,-0.004130,-0.000004,-0.646061,-37.017,0.000188,0.001778,-0.000008,0.000000,0.000,0.000000,-0.000001,-0.000000,-0.000000,-0.000,0.000000,0.000003,0.000601
2.8500,10.522699,10.522699,0.999989,-0.000000,-0.562192,-32.211,0.000846,0.004699,0.000000,-1.199852,-68.746,-0.000557,-0.004531,-0.000249,-0.646059,-37.016,0.000205,0.001984,-0.000008,0.000000,0.000,0.000000,-0.000001,-0.000000,-0.000000,-0.000,0.000000,0.000003,0.000542
2.8600,10.522729,10.522729,1.000003,-0.000000,-0.562183,-32.211,0.000893,0.004757,0.000000,-1.199858,-68.747,-0.000602,-0.004965,-0.000492,-0.646057,-37.016,0.000225,0.002210,-0.000007,0.000000,0.000,-0.000000,-0.000001,-0.000000,-0.000000,-0.000,0.000000,0.000003,0.000477
2.8700,10.522759,10.522759,1.000021,-0.000000,-0.562174,-32.210,0.000940,0.004796,0.000000,-1.199864,-68.747,-0.000652,-0.005415,-0.000728,-0.646054,-37.016,0.000247,0.002453,-0.000007,0.000000,0.000,-0.000000,-0.000001,-0.000000,-0.000000,-0.000,0.000000,0.000004,0.000409
2.8800,10.522789,10.522789,1.000044,-0.000000,-0.562164,-32.210,0.000988,0.004813,0.000000,-1.199871,-68.748,-0.000706,-0.005853,-0.000958,-0.646052,-37.016,0.000272,0.002702,-0.000006,0.000000,0.000,-0.000000,-0.000001,-0.000000,-0.000000,-0.000,0.000000,0.000004,0.000336
2.8900,10.522820,10.522820,1.000071,-0.000000,-0.562154,-32.209,0.001036,0.004806,-0.000000,-1.199879,-68.748,-0.000765,-0.006229,-0.001176,-0.646049,-37.016,0.000299,0.002941,-0.000006,0.000000,0.000,-0.000000,-0.000001,-0.000000,-0.000000,-0.000,0.000000,0.000004,0.000260
2.9000,10.522850,10.522850,1.000103,-0.000000,-0.562143,-32.208,0.001084,0.004771,0.000000,-1.199887,-68.748,-0.000827,-0.006470,-0.001382,-0.646045,-37.016,0.000328,0.003146,-0.000005,0.000000,0.000,-0.000000,-0.000000,-0.000000,-0.000000,-0.000,0.000001,0.000004,0.000183
2.9100,10.522880,10.522881,1.000139,-0.000000,-0.562132,-32.208,0.001132,0.004689,0.000000,-1.199896,-68.749,-0.000892,-0.006481,-0.001573,-0.646042,-37.015,0.000360,0.003277,-0.000005,0.000000,0.000,-0.000000,0.000001,-0.000000,-0.000000,-0.000,0.000001,0.000003,0.000104
2.9200,10.522911,10.522911,1.000180,0.000000,-0.562120,-32.207,0.001179,0.004506,-0.000000,-1.199906,-68.750,-0.000957,-0.006153,-0.001748,-0.646038,-37.015,0.000393,0.003281,-0.000004,0.000000,0.000,-0.000000,0.000003,-0.000000,-0.000000,-0.000,0.000001,0.000001,0.000024
2.9300,10.522942,10.522942,1.000222,0.000000,-0.562108,-32.206,0.001224,0.004089,0.000000,-1.199916,-68.750,-0.001018,-0.005385,-0.001905,-0.646034,-37.015,0.000425,0.003081,-0.000003,0.000000,0.000,-0.000000,0.000005,-0.000000,-0.000000,-0.000,0.000001,-0.000000,-0.000054
2.9400,10.522973,10.522973,1.000265,0.000000,-0.562095,-32.206,0.001265,0.003160,0.000000,-1.199927,-68.751,-0.001072,-0.004122,-0.002047,-0.646029,-37.015,0.000456,0.002561,-0.000002,0.000000,0.000,0.000000,0.000007,-0.000000,-0.000000,-0.000,0.000001,0.000003,-0.000132
2.9500,10.523004,10.523004,1.000303,0.000000,-0.562082,-32.205,0.001296,0.001224,0.000000,-1.199938,-68.751,-0.001113,-0.002352,-0.002181,-0.646024,-37.014,0.000482,0.001503,-0.000006,0.000000,0.000,0.000000,0.000005,-0.000000,-0.000000,-0.000,0.000001,0.000016,-0.000207
2.9600,10.523035,10.523035,1.000328,0.000000,-0.562069,-32.204,0.001309,-0.002398,0.000000,-1.199949,-68.752,-0.001137,0.000131,-0.002296,-0.646019,-37.014,0.000497,-0.000585,-0.000022,0.000000,0.000,0.000000,-0.000010,-0.000000,-0.000000,-0.000,0.000001,0.000036,-0.000279
2.9700,10.523066,10.523066,1.000326,-0.000000,-0.562056,-32.203,0.001285,-0.008122,0.000000,-1.199961,-68.753,-0.001135,0.004848,-0.002315,-0.646014,-37.014,0.000491,-0.004672,-0.000055,0.000000,0.000,0.000000,-0.000045,-0.000000,-0.000000,-0.000,0.000001,-0.000005,-0.000347
2.9800,10.523097,10.523097,1.000276,-0.000000,-0.562044,-32.203,0.001203,-0.014710,-0.000000,-1.199971,-68.753,-0.001087,0.018286,-0.002085,-0.646010,-37.014,0.000444,-0.011434,-0.000049,0.000000,0.000,-0.000000,-0.000044,-0.000000,0.000000,0.000,0.000001,-0.000227,-0.000411
2.9900,10.523128,10.523128,1.000141,0.000001,-0.562033,-32.202,0.001056,-0.027337,0.000000,-1.199980,-68.754,-0.000904,0.045958,-0.002167,-0.646007,-37.013,0.000330,-0.017086,0.000216,-0.000000,-0.000,-0.000001,0.000080,-0.000000,-0.000000,-0.000,-0.000001,0.000154,0.006886
3.0000,10.526284,10.526284,0.999849,-0.000000,-0.562026,-32.202,0.000783,-0.027337,0.000000,-1.199985,-68.754,-0.000444,0.045958,0.000000,-0.646005,-37.013,0.000159,-0.017086,0.000000,-0.000000,-0.000,-0.000000,0.000080,0.000000,-0.000000,-0.000,0.000000,0.000154,0.000000
